appid,name,release_date,promo_price,normal_price
1059220,'83,Q4 2025,,
3601150,1ÔºÅ2ÔºÅ3ÔºÅBattle Card!,Coming soon,,
3031250,21Pirates Card Game,To be announced,,
535700,3D Chess,"6 Dec, 2016","3,99‚Ç¨",
2590580,3D Chess Online,"22 Sep, 2023","0,49‚Ç¨",
492160,3D Pool,"17 Jun, 2016","6,99‚Ç¨",
1204230,4th Generation Warfare,"28 Jul, 2022","29,99‚Ç¨",
3043840,50 Floors of Madness,"19 Jul, 2024","4,99‚Ç¨",
251570,7 Days to Die,"25 Jul, 2024","43,99‚Ç¨",
427250,8-Bit Armies,"22 Apr, 2016","14,79‚Ç¨",
497850,8-Bit Hordes,"12 Aug, 2016","14,79‚Ç¨",
531680,8-Bit Invaders!,"16 Dec, 2016","14,79‚Ç¨",
201271,A Total War Saga: FALL OF THE SAMURAI,"22 Mar, 2012","29,99‚Ç¨",
1099410,A Total War Saga: TROY,"2 Sep, 2021","49,99‚Ç¨",
2304660,A Twisted Path to Renown,"17 Dec, 2024","28,99‚Ç¨",
3238580,A World of Keflings,Coming soon,,
427410,Abiotic Factor,"2 May, 2024","33,99‚Ç¨",
823230,Demolition Pro Online,"17 Nov, 2022","19,95‚Ç¨",
2706370,AC Sailing,"9 Apr, 2024",Free,
502500,ACE COMBAT‚Ñ¢ 7: SKIES UNKNOWN,"31 Jan, 2019","59,99‚Ç¨",
2754090,Aces of Thunder,2025,,
1200570,AColony,"19 Jan, 2023","19,99‚Ç¨",
3118620,AERO BATTLE ROYALE,"9 Aug, 2024","2,99‚Ç¨",
434030,Aerofly FS 2 Flight Simulator,"20 Nov, 2017","44,99‚Ç¨",
603850,Age of History II,"21 Nov, 2018","4,99‚Ç¨",
266840,Age of Mythology: Extended Edition,"8 May, 2014","27,99‚Ç¨",
3492730,Agora,June 2025,Free,
714010,Aimlabs,"16 Jun, 2023",Free,
95900,Air Conflicts: Secret Wars,"15 Jul, 2011","5,99‚Ç¨",
423490,Air Missions: HIND,"14 Jun, 2017","16,99‚Ç¨",
1715280,AirportSim,"19 Oct, 2023","33,99‚Ç¨",
2932450,Airsoft Online,To be announced,,
3203370,Ala Mobile,"6 Dec, 2024","14,79‚Ç¨",
3202220,Aldian of Ancients,2025,,
2683150,Ale & Tale Tavern,"5 Sep, 2024","14,79‚Ç¨",
2870840,Ale & Tale Tavern: First Pints,"20 Jun, 2024",Free,
313660,Alea Jacta Est,"4 Nov, 2014","7,35‚Ç¨",
2257590,Alien Agent X,"27 Sep, 2024","3,99‚Ç¨",
2192970,All On Board!,"27 Feb, 2025","9,99‚Ç¨",
1514840,All-In-One Sports VR,"7 Apr, 2023","14,99‚Ç¨",
2074750,All-In-One Summer Sports VR,"30 Jul, 2023","19,50‚Ç¨",
1660080,Aloft,"15 Jan, 2025","24,99‚Ç¨",
3471350,Alpha League HD,"14 Feb, 2025",Free,
1733610,Alpine - The Simulation Game,"23 Nov, 2021","19,99‚Ç¨",
3379690,Amanaha hockey,Coming soon,,
1868300,American Theft 80s: Prologue,"8 Mar, 2022",Free,
270880,American Truck Simulator,"2 Feb, 2016","19,99‚Ç¨",
1592680,Anarchy: Wolf's law : Prologue,"26 Aug, 2021",Free,
536270,Ancestors: The Humankind Odyssey,"27 Aug, 2020","39,99‚Ç¨",
2773280,ANEURISM IV,"11 Mar, 2025","9,75‚Ç¨",
1660510,Animal Diner,To be announced,,
822240,Animal Jam,"9 Jan, 2025",Free,
2658510,Animal Shelter 2,Q2 2025,,
2887780,Animal Shelter 2: Prologue,"13 Sep, 2024",Free,
1661260,Animal Shelter: Prologue,"3 Nov, 2021",Free,
3274580,Anno 117: Pax Romana,2025,,
1281630,Anno 1404 - History Edition,"25 Jun, 2020","14,99‚Ç¨",
2820110,Anno 1503 History Edition,"22 Apr, 2024","9,99‚Ç¨",
2820130,Anno 1602 History Edition,"22 Apr, 2024","9,99‚Ç¨",
2820140,Anno 1701 History Edition,"22 Apr, 2024","9,99‚Ç¨",
916440,Anno 1800,"16 Apr, 2019","59,99‚Ç¨",
48240,Anno 2070‚Ñ¢,"17 Nov, 2011","19,99‚Ç¨",
375910,Anno 2205‚Ñ¢,"3 Nov, 2015","39,99‚Ç¨",
2487070,Anonymous Hacker Simulator: Prologue,"28 Aug, 2023",Free,
1576980,Answer Me,Coming soon,,
1072500,AO Tennis 2,"9 Jan, 2020","49,99‚Ç¨",
3266580,Apes Warfare,2025,,
3258370,Apple Ring,"29 Nov, 2024",Free,
468100,Aqua Moto Racing Utopia,"30 Nov, 2016","10,79‚Ç¨",
1388870,Arcade Paradise,"11 Aug, 2022","19,99‚Ç¨",
2941660,Archean,"16 May, 2024","19,99‚Ç¨",
33930,Arma 2: Operation Arrowhead,"29 Jun, 2010","14,99‚Ç¨",
107410,Arma 3,"12 Sep, 2013","27,99‚Ç¨",
1874880,Arma Reforger,"16 Nov, 2023","38,23‚Ç¨",
65790,ARMA: Cold War Assault,"13 Jul, 2011","4,99‚Ç¨",
3442290,ARMORY SIMULATOR,Coming soon,,
2215270,Army Troop,"17 Sep, 2023","9,75‚Ç¨",
2925890,Army Troop 2: Modern Guns,Coming soon,,
3361860,Army Troop Remastered,Coming soon,,
2641740,Arsenal Online,"12 Jan, 2024",Free,
2822980,ARSONATE,Coming soon,,
507490,Ashes of the Singularity: Escalation,"10 Nov, 2016","28,99‚Ç¨",
1898300,ASKA,"20 Jun, 2024","24,99‚Ç¨",
289650,Assassin's Creed¬Æ Unity,"13 Nov, 2014","29,99‚Ç¨",
805550,Assetto Corsa Competizione,"29 May, 2019","39,99‚Ç¨",
3058630,Assetto Corsa EVO,"16 Jan, 2025","39,99‚Ç¨",
1340020,Aster Fpv Drone Simulator,"22 Oct, 2020","16,79‚Ç¨",
2360250,Asterix & Obelix Slap Them All! 2,"17 Nov, 2023","24,99‚Ç¨",
1934110,Astria World,Coming soon,,
1614550,Astro Colony,"7 Nov, 2022","19,50‚Ç¨",
1979350,Astro World,Coming soon,,
361420,ASTRONEER,"6 Feb, 2019","29,99‚Ç¨",
1808640,Astronimo,"15 Dec, 2023","7,49‚Ç¨",
1731130,At Your Service,Coming soon,,
2803490,Atomcraft,Q4 2025,,
656400,Attrition: Tactical Fronts,"7 Mar, 2018","12,49‚Ç¨",
3630320,Auto Washer Life,Coming soon,,
348510,Autobahn Police Simulator,"26 Aug, 2015","9,99‚Ç¨",
483770,Autobahn Police Simulator 2,"7 Dec, 2017","19,95‚Ç¨",
1065520,Autobahn Police Simulator 3,"23 Jun, 2022","29,95‚Ç¨",
431600,Automobilista,"24 Aug, 2016","23,99‚Ç¨",
1066890,Automobilista 2,"1 Jul, 2020","36,99‚Ç¨",
895160,Autonomica,Coming soon,,
3165680,Avakin Life,Coming soon,Free,
1578410,Aviano,"3 May, 2021","4,99‚Ç¨",
1755080,Away From Life,2025,,
2176400,Baby Storm,"12 May, 2023","1,99‚Ç¨",
3673110,Backrooms,2025,,
3140990,Backrooms Cleanup Crew,"16 Apr, 2025","9,75‚Ç¨",
2928660,BACKROOMS INVASION,"1 May, 2024","0,55‚Ç¨",
2924300,Backrooms: Lost,"25 Jul, 2024","5,89‚Ç¨",
3239660,Backrooms: The Lost Circus,"6 Mar, 2025","1,99‚Ç¨",
3492480,Backrooms: Worlds,2025,,
3444080,Bakery Cafe Simulator,June 2025,,
3669720,Bakery Cafe Simulator: Prologue,"8 May, 2025",Free,
2197930,Bakken - Ski Jumping,"22 Nov, 2023","19,50‚Ç¨",
3460060,Bakken - Ski Jumping 2025,"26 Feb, 2025","19,50‚Ç¨",
2219190,Balance 100,"17 Jul, 2023","2,99‚Ç¨",
2219180,Balance 97.261/100,"1 Jun, 2023",Free,
703940,Ball 2D: Soccer Online,"8 Sep, 2017","0,49‚Ç¨",
3548980,Ballrun,2025,,
2182070,Band Space,"24 Oct, 2024","19,99‚Ç¨",
3393240,Banker Simulator,Q2 2025,,
3451020,Banker Simulator: Prologue,Q2 2025,Free,
2682260,Barber Party,2025,,
2478330,Barbie Project Friendship‚Ñ¢,"25 Oct, 2024","21,99‚Ç¨",
3353090,Bark and Catch,Coming soon,,
602960,Barotrauma,"13 Mar, 2023","34,99‚Ç¨",
618140,Barro,"28 Mar, 2018","1,66‚Ç¨",
1168660,Barro 2020,"1 Nov, 2019","0,49‚Ç¨",
3119720,Barro 2024,"9 Aug, 2024","4,90‚Ç¨",
1797610,Barro 22,"5 Nov, 2021","4,90‚Ç¨",
1239260,Barro F,"28 Feb, 2020","2,45‚Ç¨",
1958600,Barro F22,"25 Apr, 2022","0,49‚Ç¨",
1990740,Barro GT,"19 May, 2022","1,66‚Ç¨",
1307090,Barro Racing,"11 Sep, 2020","3,46‚Ç¨",
2379030,Barro T23,"25 Apr, 2023","2,45‚Ç¨",
3499820,Basketball Simulator,Coming soon,,
1449500,Bassmaster¬Æ Fishing,"28 Oct, 2021","24,99‚Ç¨",
1358710,Battle Cry of Freedom,"1 Mar, 2022","10,00‚Ç¨",
316430,Battle of Empires : 1914-1918,"22 Jul, 2015","7,39‚Ç¨",
544610,Battlestar Galactica Deadlock,"31 Aug, 2017","7,79‚Ç¨",
8170,Battlestations Pacific,"13 May, 2009",,
6870,Battlestations: Midway,"15 Mar, 2007","6,99‚Ç¨",
2656800,Baugarten,To be announced,,
2379810,Bazaar Simulator,"30 Jan, 2025","5,89‚Ç¨",
3033810,Bazaar Simulator Prologue,"22 Jul, 2024",Free,
1755350,BBQ Simulator: The Squad,"25 May, 2022","1,59‚Ç¨",
1455680,BE HUNTED,"21 Dec, 2020","8,19‚Ç¨",
3603860,Beach Bar Simulator,2025,,
284160,BeamNG.drive,"29 May, 2015","22,50‚Ç¨",
719890,Beasts of Bermuda,"21 Dec, 2018","19,99‚Ç¨",
976160,Beer Bar,"20 Nov, 2018","0,49‚Ç¨",
1782570,Beer Factory,"10 Jan, 2024","11,09‚Ç¨",
2173600,Beer Factory - Prologue,"13 Mar, 2023",Free,
1812450,Bellwright,"23 Apr, 2024","28,99‚Ç¨",
2654040,Beneath The Earth - Backrooms,"1 Dec, 2023","14,79‚Ç¨",
346010,Besiege,"18 Feb, 2020","14,79‚Ç¨",
3498270,Better Mart,"16 May, 2025","13,31‚Ç¨",
877010,Beyond Contact,"4 Apr, 2023","19,99‚Ç¨",
1058650,Beyond The Wire,"31 Aug, 2022","9,75‚Ç¨",
3102290,Big Buck Hunter: Ultimate Trophy,"11 Apr, 2025","27,99‚Ç¨",
2322050,BIKEOUT,"12 Sep, 2023","24,99‚Ç¨",
612470,Bio Inc. Redemption,"8 Mar, 2018","12,99‚Ç¨",
582660,Black Desert,"24 May, 2017","9,99‚Ç¨",
3594780,Blackjack 21: Blackjackist,"29 Apr, 2025",Free,
2187050,Blackout Football - Manager Game,Coming soon,Free,
1157960,Blackout Rugby - World Cup Edition,"15 Jul, 2022",Free,
1434330,Blaze and the Monster Machines: Axle City Racers,"1 Oct, 2021","39,99‚Ç¨",
1209970,Blind Descent,To be announced,,
1386770,Blip (Open Alpha),"25 Oct, 2021",Free,
235380,Blitzkrieg 3,"2 Jun, 2017","9,99‚Ç¨",
416210,Block'hood,"11 May, 2017","14,79‚Ç¨",
1201310,Blocks!: Hammer of the Scots,"20 Jul, 2020","17,49‚Ç¨",
1049870,Blocksplode,"14 Apr, 2021","3,99‚Ç¨",
1906040,Board game party,Coming soon,,
3543890,Boat Together,Q2 2025,,
1388030,Bocce VR Simulator,"19 Sep, 2020","3,99‚Ç¨",
1739070,Bone's Cafe,"29 Oct, 2022","14,79‚Ç¨",
1057180,Border Officer,"19 Jul, 2019","9,75‚Ç¨",
324510,Boundless,"11 Sep, 2018","19,50‚Ç¨",
3405990,Bowling Simulator,"4 Mar, 2025","5,99‚Ç¨",
3071740,Box Clicker,"11 Jul, 2024",Free,
3182230,Boxcars,"1 Oct, 2024",Free,
3268960,Brawlers of the West,Coming soon,,
1268420,Britannia,"4 Apr, 2024","24,99‚Ç¨",
2841110,Broken World,"7 Mar, 2024","0,59‚Ç¨",
19800,Brothers in Arms: Earned in Blood‚Ñ¢,"17 Jul, 2009","4,99‚Ç¨",
2841990,Buckshot Arena,"27 Mar, 2024","2,99‚Ç¨",
2835570,Buckshot Roulette,"4 Apr, 2024","2,99‚Ç¨",
2599480,Buckshot to Hell,"15 Oct, 2024","1,99‚Ç¨",
2808270,Buckshot With Friends,"19 Feb, 2024","3,99‚Ç¨",
2366120,Build Master: MarsVille,"12 Dec, 2023",Free,
12200,Bully: Scholarship Edition,"21 Oct, 2008","9,99‚Ç¨",
3702930,Bum: Revenge,Coming soon,,
2148940,Bunker Builder Simulator: Prologue,"7 Jun, 2023",Free,
968470,Bunny Mahjo,"9 Nov, 2018","2,99‚Ç¨",
900790,Bunny Minesweeper,"10 Aug, 2018","2,99‚Ç¨",
1039380,Bunny Parking,"23 Mar, 2019","4,99‚Ç¨",
1098090,Bunny Reversi,"21 Jun, 2019","1,99‚Ç¨",
2879340,Bunny Roulette,"7 Apr, 2025","3,99‚Ç¨",
3579280,"Buns, Booze & Bucks Simulator",Coming soon,,
2753940,Burger Takeout,Coming soon,,
3552050,Burger Witch,Coming soon,,
3314340,Burgie's cozy kitchen,"10 Feb, 2025","4,99‚Ç¨",
2798810,Burglar Inc,"24 May, 2024","9,27‚Ç¨",
1032700,Bus Driving Sim 22,"2 Feb, 2023","24,50‚Ç¨",
324310,Bus Simulator 16,"2 Mar, 2016","9,99‚Ç¨",
515180,Bus Simulator 18,"13 Jun, 2018","24,99‚Ç¨",
976590,Bus Simulator 21 Next Stop,"7 Sep, 2021","34,99‚Ç¨",
397900,Business Tour - Board Game with Online Multiplayer,"27 Jul, 2017",Free,
308270,Buzz Aldrin's Space Program Manager,"31 Oct, 2014","28,99‚Ç¨",
2540530,Cabbie!,Coming soon,,
3408110,Cafemart Simulator,"25 Feb, 2025","7,79‚Ç¨",
3103930,California Escapades,"4 Sep, 2024",Free,
311210,Call of Duty¬Æ: Black Ops III,"6 Nov, 2015","59,99‚Ç¨",
1408610,Call of the Wild: The Angler‚Ñ¢,"31 Aug, 2022","29,99‚Ç¨",
302670,Call to Arms,"30 Jul, 2015","14,99‚Ç¨",
"302670,487170",Call to Arms - Basic Edition,"30 Jul, 2015","14,99‚Ç¨",
"302670,374390,487170",Call to Arms - Deluxe Edition,"30 Jul, 2015","19,99‚Ç¨",
"302670,374390,487170,561140",Call to Arms - Ultimate Edition,"21 Nov, 2016","29,99‚Ç¨",
1562260,Camping Simulator: The Squad,"27 Jan, 2025","3,99‚Ç¨",
1136020,Cannibal Cuisine,"20 May, 2020","1,29‚Ç¨",
1661270,Car Detailing Simulator: Prologue,"15 Nov, 2021",Free,
2248760,Car For Sale Simulator 2023,"1 Nov, 2024","24,50‚Ç¨",
270850,Car Mechanic Simulator 2014,"24 Jan, 2014","6,89‚Ç¨",
320300,Car Mechanic Simulator 2015,"23 Apr, 2015","19,50‚Ç¨",
645630,Car Mechanic Simulator 2018,"28 Jul, 2017","19,50‚Ç¨",
3371650,Car Mechanic Workshop,"4 Mar, 2025","4,99‚Ç¨",
2904040,Car Repair,September 2025,,
3501070,Car Service Together,Q2 2025,,
3515160,Carcade,2025,,
1272780,CarGo!,"7 Nov, 2024","5,85‚Ç¨",
2659710,Carnaval Simulator,"22 Feb, 2025","15,99‚Ç¨",
366290,Carp Fishing Simulator,"14 Oct, 2021","15,99‚Ç¨",
2417650,Carrom Slam!,"13 Jun, 2023","5,89‚Ç¨",
635260,CarX Drift Racing Online,"17 Nov, 2017","14,79‚Ç¨",
1114150,CarX Street,"29 Aug, 2024","17,59‚Ç¨",
722960,CASE 2: Animatronics Survival,"28 Feb, 2019","1,95‚Ç¨",
3601420,Casino Roulette: Roulettist,"22 May, 2025",Free,
3061430,Caspers,Coming soon,Free,
227860,Castle Story,"17 Aug, 2017","9,75‚Ç¨",
2987350,Catly,To be announced,,
1265220,Cauldrons of War - Barbarossa,"25 Sep, 2020","14,99‚Ç¨",
977400,Cell to Singularity - Evolution Never Ends,"3 Nov, 2021",Free,
2762270,CelV Run,"30 Mar, 2024","4,99‚Ç¨",
1948420,Center Mass: Streets of Ramadi,To be announced,,
3560470,Chains Of Reality,December 2025,,
2726240,Charrua Soccer - Mirror Edition,"23 Mar, 2024",Free,
2283380,Charrua Soccer - Pro Edition,"26 Aug, 2023","5,89‚Ç¨",
1046660,Charterstone: Digital Edition,"26 Mar, 2020","19,50‚Ç¨",
3179160,Chef Hands : Kitchen Mayhem,Coming soon,,
886900,Chef: A Restaurant Tycoon Game,"20 Aug, 2020","19,99‚Ç¨",
2764690,Chefs Together,"15 Apr, 2024","5,89‚Ç¨",
2828420,Chess Infinity,"11 Dec, 2024","12,99‚Ç¨",
518060,Chess Ultra,"21 Jun, 2017","12,99‚Ç¨",
575340,Chessaria: The Tactical Adventure (Chess),"8 Mar, 2018","19,99‚Ç¨",
3447560,Chicken Shop Simulator - Fast Food Empire,Coming soon,,
219640,Chivalry: Medieval Warfare,"16 Oct, 2012","22,99‚Ç¨",
3065360,Chop Chop Together,Q4 2025,,
2947650,Choppy Cuts,Coming soon,,
364380,CINEVEO - VR Cinema,"24 Apr, 2015","24,99‚Ç¨",
313010,Cities XXL,"5 Feb, 2015","1,99‚Ç¨",
949230,Cities: Skylines II,"24 Oct, 2023","49,99‚Ç¨",
493490,City Car Driving,"3 Nov, 2016","23,49‚Ç¨",
304580,CITYCONOMY: Service for your City,"2 Dec, 2015","9,99‚Ç¨",
2064810,CityDriver,"5 Jun, 2023","29,99‚Ç¨",
306630,Civil War II,"4 Jul, 2014","38,99‚Ç¨",
8800,Civilization IV: Beyond the Sword,"24 Jul, 2007","9,99‚Ç¨",
1120580,Clans to Kingdoms,"1 Aug, 2019","9,99‚Ç¨",
3352880,Clash Battle Simulator,"12 Dec, 2024",Free,
960040,Clash of Chefs VR,"16 Sep, 2021","16,79‚Ç¨",
1668710,Clash of Stars,"17 Jul, 2023",Free,
2068050,CLASHBOWL,"20 Aug, 2022","3,99‚Ç¨",
3402720,Clean Up Earth,Coming soon,,
3644020,Cleaner Company,Q3 2025,,
363970,Clicker Heroes,"14 May, 2015",Free,
811880,Close Combat: The Bloody First,"3 Oct, 2019","40,86‚Ç¨",
2937710,Clothing Store Simulator: Prologue,"23 May, 2024",Free,
2548810,Cloud 9,Coming soon,,
2506480,Clue/Cluedo,"23 Aug, 2023","13,99‚Ç¨",
2430360,Code of War Gun Shooting Games,"29 May, 2023",Free,
9850,Codename: Panzers - Cold War,"18 Feb, 2016","14,99‚Ç¨",
411310,"Codename: Panzers, Phase One","18 Feb, 2016","14,99‚Ç¨",
411320,"Codename: Panzers, Phase Two","18 Feb, 2016","14,99‚Ç¨",
3392160,Coffee Simulator,Coming soon,,
2872600,Colonies of The Remnant,"22 Aug, 2025",,
1198740,Colony Siege,"7 Sep, 2020","6,89‚Ç¨",
879000,Comanche,"26 Aug, 2021","19,99‚Ç¨",
1502380,Combat Mission Black Sea,"21 Jan, 2021","60,86‚Ç¨",
1551160,Combat Mission Cold War,"16 Nov, 2021","60,86‚Ç¨",
2551110,Combat Mission Fortress Italy,"12 Sep, 2023","58,99‚Ç¨",
1369370,Combat Mission Shock Force 2,"31 Aug, 2020","60,86‚Ç¨",
2676000,Combat Mission: Final Blitzkrieg,"25 Jan, 2024","58,99‚Ç¨",
34820,Combat Wings: Battle of Britain,"14 Oct, 2009","4,99‚Ç¨",
665360,Comedy Night,"24 Aug, 2017","4,99‚Ç¨",
4560,Company of Heroes - Legacy Edition,"13 Oct, 2009","32,99‚Ç¨",
231430,Company of Heroes 2,"25 Jun, 2013","18,49‚Ç¨",
"4560,9340,20540,228200",Company of Heroes Complete Pack,"13 Oct, 2009","32,99‚Ç¨",
989690,Conan Unconquered,"29 May, 2019","19,71‚Ç¨",
2187390,Conqueror of the Seas,To be announced,,
2542860,Conquest of Empires 2,"20 Dec, 2023",Free,
1273400,Construction Simulator,"20 Sep, 2022","34,99‚Ç¨",
787740,Construction Simulator 2 US - Pocket Edition,"13 Sep, 2018","9,99‚Ç¨",
289950,Construction Simulator 2015,"18 Nov, 2014","14,99‚Ç¨",
963930,Contractors,"15 Dec, 2018","16,79‚Ç¨",
2719160,Contractors Showdown : ExfilZone,"25 Apr, 2024","16,79‚Ç¨",
2698780,ContractVille,"31 May, 2024","28,99‚Ç¨",
1523720,Cook-Out,"20 Apr, 2021","16,79‚Ç¨",
1988900,Cooking Crew,Coming soon,,
2436230,Cooking Pix,"24 Jul, 2023","3,99‚Ç¨",
2455360,Cooking Simulator 2: Better Together,Coming soon,,
3038500,Cooking Simulator 2: Prologue,To be announced,Free,
1358140,Cooking Simulator VR,"29 Jul, 2021","20,99‚Ç¨",
359800,Copa Petrobras de Marcas,"8 Apr, 2015",Free,
3601890,Cosmic Drift,July 2025,Free,
1690100,Cosminers,Q1 2026,,
799600,Cosmoteer: Starship Architect & Commander,"24 Oct, 2022","18,99‚Ç¨",
240,Counter-Strike: Source,"1 Nov, 2004","9,75‚Ç¨",
2783830,Cozy Crest,Coming soon,,
248390,Craft The World,"24 Nov, 2014","18,49‚Ç¨",
33620,Crash Time 3,"26 Nov, 2009","5,99‚Ç¨",
2257410,Crashy Laps,"30 Nov, 2023","6,89‚Ç¨",
351920,Crazy Machines 3,"18 Oct, 2016","9,99‚Ç¨",
735550,Crazy Soccer: Football Stars,"28 Jun, 2018","9,99‚Ç¨",
1990050,Creature Creator,"23 Dec, 2022","4,99‚Ç¨",
2540100,Crime Scene Cleaner: Prologue,"4 Apr, 2024",Free,
2737070,Crime Simulator,"17 Jun, 2025",,
2928280,Crime Simulator: Playgrounds,"10 May, 2024","1,99‚Ç¨",
2877500,Crop Chronicles,"14 Dec, 2024","0,99‚Ç¨",
1369400,Croppy Boy,"28 Aug, 2020",Free,
925550,Cross Racing Championship Extreme,"18 Sep, 2018","8,19‚Ç¨",
511430,CrossWorlds: Escape,"20 Mar, 2020","9,99‚Ç¨",
203770,Crusader Kings II,"14 Feb, 2012",Free,
1158310,Crusader Kings III,"1 Sep, 2020","49,99‚Ç¨",
1355780,Crushed,"23 Nov, 2020","1,99‚Ç¨",
2304990,Crypto Miner Tycoon Simulator Starter Edition,"24 Apr, 2023",Free,
1962130,CubeLoop,"30 Aug, 2022","7,39‚Ç¨",
366690,Cue Club 2: Pool & Snooker,"8 Mar, 2016","17,99‚Ç¨",
1474570,CYBER TENNIS,"5 Feb, 2022","15,99‚Ç¨",
2327140,Daemonium,"31 Oct, 2024","9,75‚Ç¨",
767390,Dakar 18,"25 Sep, 2018","29,99‚Ç¨",
1839940,Dakar Desert Rally,"4 Oct, 2022","29,99‚Ç¨",
529180,Dark and Light,"20 Jul, 2017","14,99‚Ç¨",
73170,Darkest Hour: A Hearts of Iron Game,"8 Apr, 2011","9,99‚Ç¨",
1472740,Das Balkonzimmer,"2 Dec, 2020",Free,
1866300,Dawn Apart,Coming soon,,
3247200,Dawn of Ages,"28 Apr, 2025",Free,
858810,Dawn of Man,"1 Mar, 2019","24,50‚Ç¨",
447820,Day of Infamy,"23 Mar, 2017","12,49‚Ç¨",
221100,DayZ,"13 Dec, 2018","23,99‚Ç¨",
964570,DCL - The Game,"18 Feb, 2020","29,99‚Ç¨",
223750,DCS World Steam Edition,"2 Aug, 2013",Free,
1772910,Dead District: Survival,"15 Jun, 2023","10,99‚Ç¨",
3745310,DEADLINE DELIVERY,Coming soon,,
3425390,Death and Ladders,"19 Mar, 2025","4,99‚Ç¨",
770490,Death in the Water,"10 Oct, 2019","1,49‚Ç¨",
1483030,Debatto: Delivery Battle,"31 Mar, 2021","3,99‚Ç¨",
2119590,Deducto 2,"16 Jun, 2023","4,99‚Ç¨",
2791970,Delivery Driver Service,Q2 2025,,
1793260,Delivery INC,"27 Jul, 2023","7,09‚Ç¨",
577670,Demolish & Build 2018,"8 Mar, 2018","8,19‚Ç¨",
2424110,Demon Slayer -Kimetsu no Yaiba- Sweep the Board!,"16 Jul, 2024","59,99‚Ç¨",
248530,Depth Hunter 2: Deep Dive,"20 Aug, 2014","6,93‚Ç¨",
681280,Descenders,"7 May, 2019","22,99‚Ç¨",
2057820,Desstroke,"20 Jul, 2022","0,73‚Ç¨",
1024460,Destructive Physics - Destruction Simulator,"20 Aug, 2021","9,75‚Ç¨",
1450900,Desynced,"15 Aug, 2023","28,99‚Ç¨",
436230,Detached,"18 May, 2017","22,99‚Ç¨",
848410,Detached: Non-VR Edition,"24 Jul, 2018","12,49‚Ç¨",
1139890,Dictators:No Peace Countryballs,"1 Jan, 2020","0,99‚Ç¨",
3481370,Diecast Shop Simulator,Q2 2025,,
2361780,Dig Deep,"20 May, 2024","3,60‚Ç¨",
2349040,Dinky Guardians,"2 Oct, 2023","14,79‚Ç¨",
690790,DiRT Rally 2.0,"26 Feb, 2019","19,99‚Ç¨",
2917550,Disc Frenzy,Coming soon,,
"331160,343140,332260",Disney Cars Classics,"24 Feb, 2015","38,99‚Ç¨",
1537830,Disney Speedstorm,"28 Sep, 2023",Free,
331160,Disney‚Ä¢Pixar Cars,"24 Feb, 2015","19,50‚Ç¨",
1454600,Doctor Bunny,"24 Nov, 2020","2,99‚Ç¨",
3222850,Doctor Dash ASMR Hospital,"21 Nov, 2024",Free,
2271320,Dodge It! Online,"24 Jan, 2023","4,99‚Ç¨",
2231300,Dodgy Deliveries,"31 Jan, 2025",Free,
1423680,DOGFIGHTER -WW2-,"7 Oct, 2020","6,59‚Ç¨",
2625510,Don't Shout Together,"14 Jun, 2024","4,99‚Ç¨",
3398870,Dooms Hair Salon,"24 Mar, 2025","9,75‚Ç¨",
248610,Door Kickers,"20 Oct, 2014","18,99‚Ç¨",
686200,Door Kickers: Action Squad,"10 Sep, 2018","11,99‚Ç¨",
570,Dota 2,"9 Jul, 2013",Free,
488550,Dream Car Builder,"21 Sep, 2018","8,19‚Ç¨",
3541460,Dream Place,To be announced,Free,
1468400,Dreamhouse: The Game,To be announced,,
520950,DRIFT CE,"10 Jun, 2021","29,99‚Ç¨",
1782820,Drift Go,Coming soon,,
2353690,DRIFT ISLAND,2025,,
1070580,Drift86,"19 Nov, 2019","0,99‚Ç¨",
1934700,Drifting Kings,"1 Sep, 2022","4,99‚Ç¨",
2625420,Drive Beyond Horizons,"24 Mar, 2025","24,50‚Ç¨",
1916410,Drive Beyond Horizons: Prologue,Coming soon,Free,
3119780,Drive Thru Miami,"28 Oct, 2024","12,79‚Ç¨",
3062050,Drive Thru Simulator : Prologue,"28 Apr, 2025",Free,
273730,Driving School Simulator,"25 Sep, 2014","9,75‚Ç¨",
3491420,Dronaldo Drone Football League,Coming soon,,
2668180,Drone Flight Simulator Online,"10 Nov, 2023","0,49‚Ç¨",
1708850,Drug Dealer Simulator 2,"20 Jun, 2024","24,50‚Ç¨",
1798110,Drug Lord Simulator,Coming soon,,
667530,Drunken Wrestlers 2,"1 Apr, 2019","3,99‚Ç¨",
3603900,Drunkonauts,Coming soon,,
2967940,Duck Creator 2,Coming soon,,
2682580,DUCKSIDE,"25 Sep, 2024","9,61‚Ç¨",
654990,Dude Simulator,"13 Jul, 2017","4,99‚Ç¨",
825310,Dude Simulator 2,"27 Jul, 2018","0,69‚Ç¨",
1086640,Dude Simulator 3,"23 Aug, 2019","4,99‚Ç¨",
1892030,Dummynation,"15 Apr, 2022","8,99‚Ç¨",
1605220,Dune: Spice Wars,"14 Sep, 2023","34,99‚Ç¨",
200550,Dungeons - The Dark Lord,"27 Sep, 2011","9,99‚Ç¨",
262280,Dungeons 2,"24 Apr, 2015","19,99‚Ç¨",
493900,Dungeons 3,"13 Oct, 2017","29,99‚Ç¨",
1643310,Dungeons 4,"9 Nov, 2023","49,99‚Ç¨",
3136170,E-FCC,2025,,
2669320,EA SPORTS FC‚Ñ¢ 25,"27 Sep, 2024","69,99‚Ç¨",
2195250,EA SPORTS FC‚Ñ¢ 24,"29 Sep, 2023","69,99‚Ç¨",
1849250,EA SPORTS‚Ñ¢ WRC,"2 Nov, 2023","49,99‚Ç¨",
408250,Eagle Flight,"20 Dec, 2016","19,99‚Ç¨",
1900,Earth 2160,"1 Apr, 2006","9,75‚Ç¨",
741670,Easy Red,"1 Dec, 2017","3,99‚Ç¨",
1324780,Easy Red 2,"6 Jan, 2022","8,99‚Ç¨",
2822720,Echoes of Extinction,To be announced,,
3136490,Echoes of the Architects,2025,,
3537830,Echoes of the Architects: Prologue,"28 Mar, 2025",Free,
382310,Eco,"6 Feb, 2018","28,99‚Ç¨",
1665460,eFootball‚Ñ¢,"30 Sep, 2021",Free,
656590,Eight-Minute Empire,"6 Sep, 2017","7,79‚Ç¨",
1301990,Electro Ride Prologue,"30 May, 2020",Free,
3041550,Electronic Market Simulator,"20 Jun, 2025",,
488310,Eleven Table Tennis,"22 Sep, 2016","28,99‚Ç¨",
359320,Elite Dangerous,"2 Apr, 2015","5,99‚Ç¨",
1062830,Embr,"23 Sep, 2021","19,99‚Ç¨",
850170,EMERGENCY,"15 Aug, 2023",Free,
735280,EMERGENCY 20,"31 Oct, 2017","29,99‚Ç¨",
260930,Emergency 2014,"15 Nov, 2013","9,99‚Ç¨",
757200,EMERGENCY 3,"19 Dec, 2017","7,99‚Ç¨",
785770,Emergency Call 112 ‚Äì The Fire Fighting Simulation 2,"18 Mar, 2021","29,95‚Ç¨",
416590,Emily Wants To Play,"10 Dec, 2015","4,99‚Ç¨",
1907040,EmptyEpsilon,"8 Dec, 2024",Free,
383120,Empyrion - Galactic Survival,"5 Aug, 2020","19,99‚Ç¨",
2380990,Endless Anime Golf,2025,,
840260,Endless World Idle RPG,"6 Dec, 2019",Free,
3407390,ENDLESS‚Ñ¢ Legend 2,Coming soon,,
208140,ENDLESS‚Ñ¢ Space - Definitive Edition,"4 Jul, 2012","9,99‚Ç¨",
2228250,Endurance Motorsport Series,Coming soon,,
256190,Enemy Front,"10 Jun, 2014","19,99‚Ç¨",
318220,Enforcer: Police Crime Action,"24 Oct, 2014","19,99‚Ç¨",
1871990,Engine Evolution 2022,"21 Feb, 2023",Free,
2196640,Engine Evolution 2023,"8 Oct, 2024",Free,
2051620,Enlisted,"16 Jul, 2024",Free,
787790,Epic Roller Coasters,"7 Mar, 2018",Free,
1631330,Equestrian Training,"24 Jun, 2021","14,99‚Ç¨",
1301060,EreaDrone : FPV Drone Simulator,"23 Jun, 2023","24,99‚Ç¨",
850450,Escape First,"10 May, 2018","5,89‚Ç¨",
1278720,Escape from Durka,Coming soon,,
2182770,Escape From Zombies,"8 Nov, 2022","8,79‚Ç¨",
2700960,Escape Party,"10 Sep, 2024","5,89‚Ç¨",
1435790,Escape Simulator,"19 Oct, 2021","10,19‚Ç¨",
2879840,Escape Simulator 2,To be announced,,
1670650,Espiocracy,2025,,
314520,Euro Fishing,"2 Nov, 2015","12,99‚Ç¨",
232010,Euro Truck Simulator,"8 Mar, 2013","4,99‚Ç¨",
227300,Euro Truck Simulator 2,"12 Oct, 2012","19,99‚Ç¨",
236850,Europa Universalis IV,"13 Aug, 2013","49,99‚Ç¨",
2156540,Europe Empire 2027,"8 Oct, 2022","8,19‚Ç¨",
299250,European Ship Simulator,"4 Nov, 2016","19,99‚Ç¨",
1891280,Everbloom,Coming soon,,
2068090,Evercraft Mechanic: Sandbox,Coming soon,,
1941960,Evil Next Door,Coming soon,,
469800,Evolution Board Game,"12 Feb, 2019","14,79‚Ç¨",
3290560,Evolution of Species 2: Online,"1 Nov, 2024","2,99‚Ç¨",
2898310,EXOcars,"14 Nov, 2024","19,50‚Ç¨",
773840,ExoCross,"22 Jul, 2024","19,50‚Ç¨",
2487140,Exorcist Simulator,"3 May, 2025","9,75‚Ç¨",
1015370,eXpanSIM,Coming soon,Free,
2477340,Expeditions: A MudRunner Game,"5 Mar, 2024","23,99‚Ç¨",
2633640,Eyes: The Horror Game,"20 May, 2024","4,99‚Ç¨",
2488620,F1¬Æ 24,"31 May, 2024","69,99‚Ç¨",
3059520,F1¬Æ 25,"30 May, 2025","59,99‚Ç¨",
427520,Factorio,"14 Aug, 2020","32,00‚Ç¨",
2981590,Factory Outlet Simulator,"26 Sep, 2024","10,99‚Ç¨",
2983510,Factory Outlet Simulator: Prologue,"24 May, 2024",Free,
1687390,Factory Trashcension,To be announced,Free,
2230110,Fae Farm,"8 Sep, 2023","29,99‚Ç¨",
1250220,Fallen Region,"2 Nov, 2020","8,29‚Ç¨",
588430,Fallout Shelter,"29 Mar, 2017",Free,
3258090,Fantasy Hearts,2025,Free,
1301860,Farlight Commanders,"19 Nov, 2021","9,99‚Ç¨",
1548860,Farlight Commanders: Prologue,"9 Mar, 2021",Free,
1415410,Farm Manager 2021: Prologue,"14 Jan, 2021",Free,
673950,Farm Together,"11 Oct, 2018","19,99‚Ç¨",
1285270,Farm Your Friends,"1 May, 2025","9,75‚Ç¨",
1848910,Farmer Toon,"7 Feb, 2025",Free,
313160,Farming Simulator 15,"30 Oct, 2014","12,99‚Ç¨",
"313160,374851",Farming Simulator 15 Gold Edition,"30 Oct, 2015","14,99‚Ç¨",
447020,Farming Simulator 17,"24 Oct, 2016","14,99‚Ç¨",
787860,Farming Simulator 19,"20 Nov, 2018","17,99‚Ç¨",
220260,Farming Simulator 2013 Titanium Edition,"10 Oct, 2013","14,99‚Ç¨",
1248130,Farming Simulator 22,"22 Nov, 2021","19,99‚Ç¨",
2300320,Farming Simulator 25,"12 Nov, 2024","49,99‚Ç¨",
1363900,Farworld Pioneers,"30 May, 2023","3,69‚Ç¨",
1975640,Fast Food On The Beach!,Coming soon,,
2916430,Fast Food Simulator,"10 Dec, 2024","14,79‚Ç¨",
545040,Feather,"5 Apr, 2019","1,95‚Ç¨",
538100,Feel The Snow,"12 Dec, 2019","12,79‚Ç¨",
864150,Feelin,"23 Aug, 2018","6,99‚Ç¨",
2469200,Fera: The Sundered Tribes,"17 Sep, 2024","9,75‚Ç¨",
2317820,Feudal Friends,"17 Jul, 2023","8,99‚Ç¨",
473750,Feudums,To be announced,Free,
660160,Field of Glory II,"12 Oct, 2017","28,99‚Ç¨",
1368870,Field of Glory II: Medieval,"4 Feb, 2021","28,99‚Ç¨",
1506830,FIFA 22,"1 Oct, 2021",,
2413950,Final Sentence,To be announced,,
555060,Final Soccer VR,"18 Nov, 2016","19,99‚Ç¨",
2835980,FIRE,To be announced,,
420560,Firefighting Simulator - The Squad,"17 Nov, 2020","22,99‚Ç¨",
1669480,Firefighting Simulator: Ignite,Coming soon,,
1013320,Firestone: Online Idle RPG,"1 Apr, 2024",Free,
2363290,Fireworks Frenzy,"4 Nov, 2023","3,99‚Ç¨",
1079260,Fireworks Mania - An Explosive Simulator,"17 Dec, 2020","14,99‚Ç¨",
454140,First Person Tennis - The Real Tennis Simulator,"11 Apr, 2019","22,99‚Ç¨",
587000,First Strike,"31 May, 2017","11,99‚Ç¨",
3468330,Fish Hunters: The Most Ridiculous Fishing Simulator üêü,To be announced,,
2982100,Fish-Click Squad!,"24 Mar, 2025","2,99‚Ç¨",
1101140,Fishing Adventure,"1 Nov, 2019","4,99‚Ç¨",
3726350,Fishing Friends 3D,Coming soon,Free,
3672980,Fishing Nightmares,"20 Aug, 2025",,
380600,Fishing Planet,"28 Aug, 2017",Free,
3517550,Fishing Pro Simulator,Coming soon,,
1368960,Fishing Sim World: Bass Pro Shops Edition,"3 Nov, 2020","39,99‚Ç¨",
834280,Fishing Sim World¬Æ: Pro Tour,"18 Sep, 2018","19,99‚Ç¨",
501080,Fishing: Barents Sea,"7 Feb, 2018","1,99‚Ç¨",
1264250,Fishing: North Atlantic - Enhanced Edition,"16 Oct, 2020","2,99‚Ç¨",
265630,Fistful of Frags,"9 May, 2014",Free,
3021100,Five Hearts Under One Roof,"3 Oct, 2024","19,50‚Ç¨",
605740,"Flashing Lights - Police, Firefighting, Emergency Services (EMS) Simulator","15 May, 2023","24,99‚Ç¨",
298340,FLASHOUT 2,"6 Jun, 2014","4,99‚Ç¨",
6220,FlatOut,"13 Dec, 2011","6,99‚Ç¨",
"2990,6220,12360,201510",Flatout Complete Pack,"13 Dec, 2011","39,99‚Ç¨",
1066680,Fleet Commander: Pacific,"21 Jul, 2022","24,99‚Ç¨",
1225110,Flirt,"13 Feb, 2020","1,49‚Ç¨",
3468900,Flow of Fortune,2025,,
365810,Flying Tigers: Shadows Over China,"29 May, 2017","12,49‚Ç¨",
2282890,Folklands,"24 Mar, 2025","14,79‚Ç¨",
2252570,Football Manager 2024,"6 Nov, 2023","14,99‚Ç¨",
375530,"Football, Tactics & Glory","1 Jun, 2018","24,99‚Ç¨",
263740,FootLOL: Epic Soccer League,"16 Apr, 2014","9,99‚Ç¨",
42810,For The Glory: A Europa Universalis Game,"12 Nov, 2009","9,99‚Ç¨",
751780,Forager,"18 Apr, 2019","19,99‚Ç¨",
568570,Force of Nature,"13 Dec, 2016","7,79‚Ç¨",
1991860,Force of Warships: Battleship Games,"9 Aug, 2022",Free,
686260,Forged Battalion,"14 Aug, 2018","9,75‚Ç¨",
2168260,Forgotten Seas,"7 Jun, 2024","16,09‚Ç¨",
2456080,Formula Evolution 2024,"3 Jun, 2024",Free,
3273660,Formula Evolution 2025,Q3 2025,Free,
2141040,Formula Retro Racing - World Tour,"31 Mar, 2023","16,79‚Ç¨",
273750,Formula Truck 2013,"2 Feb, 2015","9,99‚Ç¨",
2379820,Forty-Niner,To be announced,,
1551360,Forza Horizon 5,"9 Nov, 2021","59,99‚Ç¨",
2440510,Forza Motorsport,"10 Oct, 2023","69,99‚Ç¨",
983870,FOUNDRY,"2 May, 2024","29,99‚Ç¨",
1672320,Fragile Existence,2025,,
2082960,Freed Software,"14 Apr, 2023","9,75‚Ç¨",
339610,Freestyle 2: Street Basketball,"1 Apr, 2015",Free,
1134100,Frozenheim,"16 Jun, 2022","8,54‚Ç¨",
1575520,Fruit Ninja VR 2,"7 Apr, 2023","24,50‚Ç¨",
3441460,Fuel Harvest Together,"25 Apr, 2025","13,79‚Ç¨",
3182990,Fulfillment Center Simulator,Coming soon,,
779430,Full Ace Tennis Simulator,"28 Feb, 2018","22,99‚Ç¨",
2974080,FunPV: Cosy FPV Experience,Coming soon,,
1357210,Galactic Civilizations IV,"19 Oct, 2023","38,99‚Ç¨",
1422180,Galactic Crew II,"2 Jun, 2023","12,99‚Ç¨",
1138440,Galactic Ruler,"3 Aug, 2022","19,50‚Ç¨",
2338470,Galactic Ruler Enlightenment,"18 Apr, 2024","19,50‚Ç¨",
3313930,Galactic Simulator,"28 Jan, 2025","4,99‚Ç¨",
2749770,Galaxy Burger,"23 Aug, 2024","11,70‚Ç¨",
1401970,Galaxy Kart VR,"6 Nov, 2024","19,50‚Ç¨",
2598930,Game Store Simulator,"20 Aug, 2024","4,99‚Ç¨",
4000,Garry's Mod,"29 Nov, 2006","5,99‚Ç¨",
3044440,Gas Station Manager,"18 Mar, 2025","14,79‚Ç¨",
1149620,Gas Station Simulator,"15 Sep, 2021","19,50‚Ç¨",
1528080,Gas Station Simulator: Prologue - Early Days,"28 Apr, 2021",Free,
214420,Gear Up,"29 Jan, 2015",Free,
2104920,GeneRally 2,"30 May, 2023","14,99‚Ç¨",
402750,Giant Machines 2017,"29 Sep, 2016","19,99‚Ç¨",
1177020,Gigantosaurus The Game,"27 Mar, 2020","12,49‚Ç¨",
1870330,Gigmaker,Coming soon,,
409520,Ginger: Beyond the Crystal,"25 Oct, 2016","3,29‚Ç¨",
871930,GLADIABOTS - AI Combat Arena,"22 May, 2019","14,79‚Ç¨",
2689120,Gladio Mori,"26 Nov, 2024","15,99‚Ç¨",
1731270,Global City,"30 Nov, 2021",Free,
1664810,Gluua,"29 Feb, 2024","9,75‚Ç¨",
2195120,Go-Go Town!,"18 Jun, 2024","22,99‚Ç¨",
850190,Goat Simulator 3,"15 Feb, 2024","29,99‚Ç¨",
1762930,Goat Simulator: Remastered,"7 Nov, 2024","28,99‚Ç¨",
3434430,Goblin's Gamble 24,"17 Feb, 2025","2,99‚Ç¨",
262750,GoD Factory: Wingmen,"29 Aug, 2014","16,79‚Ç¨",
1082450,Gold Hunter,"13 May, 2022","24,50‚Ç¨",
2885380,Gold Mining Simulator 2,To be announced,,
3079020,Golden Ticket Simulator,2025,,
2151960,Golf 5 eClub,"24 Feb, 2023","19,50‚Ç¨",
1086410,Golf Around!,"4 Dec, 2020","9,75‚Ç¨",
3022060,Golf Around! Lite,"1 Jul, 2024",Free,
1085150,Golf Defied,"18 Jul, 2019",Free,
571740,Golf It!,"18 Aug, 2023","8,99‚Ç¨",
3514580,Golf Pro Simulator,Coming soon,,
2761960,Golf Tour,"1 Aug, 2024","1,99‚Ç¨",
3540900,Golf Up Tropical,"18 Apr, 2025","6,89‚Ç¨",
431240,Golf With Your Friends,"19 May, 2020","14,99‚Ç¨",
1270010,Gone: Survival,"20 Oct, 2020","0,99‚Ç¨",
911430,Good Company,"21 Jun, 2022","22,99‚Ç¨",
436150,Governor of Poker 3,"19 Feb, 2016",Free,
310470,Grand Ages: Medieval,"25 Sep, 2015","19,99‚Ç¨",
23450,Grand Ages: Rome,"6 Mar, 2009","9,99‚Ç¨",
"23455,23450",Grand Ages: Rome GOLD,"19 Feb, 2010","14,99‚Ç¨",
3412160,Grand Casino Simulator,Coming soon,,
2236300,Grand Emprise: Time Travel Survival,"27 Jul, 2023","19,50‚Ç¨",
3327670,Grand MALL Simulator,"20 Dec, 2024","5,51‚Ç¨",
1247360,Grand Mountain Adventure: Wonderlands,"10 Mar, 2022","19,99‚Ç¨",
2391400,Grand Tanks: WW2 Tank Games,"10 May, 2023",Free,
3340080,Grandis Adventures,Coming soon,,
2944610,Gravitee Wars,To be announced,,
815370,Green Hell,"5 Sep, 2019","5,99‚Ç¨",
1307710,GRID Legends,"24 Feb, 2022","59,99‚Ç¨",
2961880,Grocery Store Simulator,"21 Nov, 2024","8,87‚Ç¨",
3618120,Guess Me If You Can,Coming soon,,
3711450,Guild Hall Simulator,2025,,
3667790,Guild Hall Simulator: Prologue,May 2025,Free,
3400930,Guilty as Sock!,"29 May, 2025",,
2634330,Gun Maker - pimp my weapon,"19 Aug, 2024","24,50‚Ç¨",
805540,Gun Road,Coming soon,,
2482780,Gun Shop Simulator,"11 Feb, 2024","3,99‚Ç¨",
2711680,GymFistprint,"8 Jan, 2024","2,99‚Ç¨",
459220,Halo Wars: Definitive Edition,"20 Apr, 2017","19,99‚Ç¨",
3458880,Hammam Simulator,2025,,
1429440,Hammer SandBox,To be announced,,
1442670,Hamster Playground,"11 Jul, 2024",Free,
891020,Handball 21,"12 Nov, 2020","39,99‚Ç¨",
1544810,HANDMADE CARPROGRAM,"15 Mar, 2021","1,99‚Ç¨",
2159780,Handyman Corporation: Prologue,"16 Dec, 2022",Free,
550010,Happy Room,"19 Dec, 2016","4,99‚Ç¨",
3358560,Hardware Store Simulator,"18 Apr, 2025","12,79‚Ç¨",
2921620,Harvest Bliss,Coming soon,,
1336560,Hashiriya Drifter-Online Drift Racing Multiplayer (DRIFT/DRAG/RACING),"10 Jul, 2020","1,99‚Ç¨",
687850,Head Goal: Soccer Online,"18 Aug, 2017","0,49‚Ç¨",
1840800,Headquarters: World War II,"11 Apr, 2024","38,99‚Ç¨",
3445070,Headshot Roulette,Q2 2025,,
1973950,Health and Safety VR Training Bundle,"17 May, 2022",Free,
25890,Hearts of Iron III,"7 Aug, 2009","9,99‚Ç¨",
394360,Hearts of Iron IV,"9 Apr, 2024","49,99‚Ç¨",
1138850,Heavenly Bodies,"7 Dec, 2021","16,79‚Ç¨",
2218540,Heavy Duty Construction,Coming soon,,
433530,Heliborne Collection,"12 Oct, 2017","29,99‚Ç¨",
686810,Hell Let Loose,"27 Jul, 2021","49,99‚Ç¨",
1856190,Hello Engineer: Scrap Machines Constructor,"17 Aug, 2023","5,17‚Ç¨",
2789680,Hello Neighbor 3,To be announced,,
2206320,Hello Neighbor VR: Search and Rescue,"25 May, 2023","10,14‚Ç¨",
1341490,Hellsweeper VR,"21 Sep, 2023","29,99‚Ç¨",
1855150,Helm or High Water,"17 Feb, 2022","12,49‚Ç¨",
1422550,Hemp Co. - The Tycoon Game,Coming soon,,
377140,Hide & Hold Out - H2o,"9 Apr, 2016","17,99‚Ç¨",
1852940,Highline Volleyball VR,"22 Jun, 2022","19,90‚Ç¨",
1729140,Hired 2 Die,"31 Jan, 2025","9,75‚Ç¨",
1963420,Hispania,"30 Jan, 2025","28,99‚Ç¨",
632300,Hobo: Tough Life,"13 Apr, 2021","28,99‚Ç¨",
589290,Holdfast: Nations At War,"5 Mar, 2020","19,99‚Ç¨",
1840080,Homeworld 3,"13 May, 2024","59,99‚Ç¨",
244160,Homeworld Remastered Collection,"25 Feb, 2015","31,99‚Ç¨",
821670,Horse Farm,"17 Jul, 2018",Free,
2051120,HOT WHEELS UNLEASHED‚Ñ¢ 2 - Turbocharged,"19 Oct, 2023","49,99‚Ç¨",
832360,Hotel Magnate,"5 Oct, 2021","22,00‚Ç¨",
2827960,House Builder 2,2025,,
613100,House Flipper,"17 May, 2018","24,50‚Ç¨",
3530680,How 2 Escape: Lost Submarine,"24 Jun, 2025","10,39‚Ç¨",
477160,Human Fall Flat,"22 Jul, 2016","19,99‚Ç¨",
2777220,Human Fall Flat VR,"31 Oct, 2024","12,99‚Ç¨",
1124300,HUMANKIND‚Ñ¢,"17 Aug, 2021","49,99‚Ç¨",
3591550,Hunter Roulette,June 2025,,
585080,Hunting Simulator,"9 Jun, 2017","1,99‚Ç¨",
2482760,Hunting Simulator 3,Coming soon,,
393420,Hurtworld,"10 Dec, 2019","24,50‚Ç¨",
1106840,Hydroneer,"8 May, 2020","14,79‚Ç¨",
3273690,Hypercar Evolution 2025,Q3 2025,Free,
3061020,I am immortal here,"17 Jul, 2024",Free,
2296380,I Expect You To Die 3: Cog in the Machine,"28 Sep, 2023","13,79‚Ç¨",
3447690,iDigging,"7 May, 2025","1,94‚Ç¨",
1634970,Idle Master Hunter Steam Edition,"14 Sep, 2021","4,99‚Ç¨",
851110,Idle Racing GO: Clicker Tycoon,"11 Jan, 2019",Free,
1476970,IdleOn - The Idle RPG,"2 Apr, 2021",Free,
1730270,IGW - Imperium: Galactic War‚Ñ¢ Classic,Coming soon,Free,
1550730,Ikonei Island: An Earthlock Adventure,"9 Nov, 2023","24,50‚Ç¨",
307960,IL-2 Sturmovik: Battle of Stalingrad,"22 Oct, 2014","48,99‚Ç¨",
754530,IL-2 Sturmovik: Cliffs of Dover Blitz Edition,"14 Dec, 2017","9,99‚Ç¨",
2979330,Illegal Simulator,"29 Sep, 2024","8,79‚Ç¨",
859580,Imperator: Rome,"25 Apr, 2019","39,99‚Ç¨",
424780,Imperia Online,"16 Apr, 2016",Free,
1183470,Imperiums: Greek Wars,"30 Jul, 2020","29,99‚Ç¨",
3746680,Impossible Survival,2025,,
3285770,Industrial Dominion,Coming soon,,
226700,Infestation: The New Beginning,,Free,
1755920,Infinite Lagrange,"8 Oct, 2021",Free,
2302120,Infinitum: The Backrooms Story,Q4 2025,,
1079620,Infinity: Battlescape,"27 Sep, 2019","34,99‚Ç¨",
3208020,InFocus,Coming soon,,
1456200,Initial Drift Online,"30 Mar, 2023","0,99‚Ç¨",
1997630,Ink: Tournament Paintball,"27 Nov, 2023","4,99‚Ç¨",
1369720,Innchanted,"28 Mar, 2023","19,99‚Ç¨",
563530,Insatia,Coming soon,,
2409500,Inspector Gadget - MAD Time Party,"15 Sep, 2023","29,99‚Ç¨",
222880,Insurgency,"22 Jan, 2014","12,49‚Ç¨",
581320,Insurgency: Sandstorm,"12 Dec, 2018","9,89‚Ç¨",
2844910,Interior Designer,"25 Oct, 2024","6,63‚Ç¨",
2370760,Interlinked,Coming soon,,
1136160,Internet Cafe Simulator,"25 Oct, 2019","9,75‚Ç¨",
1563180,Internet Cafe Simulator 2,"7 Jan, 2022","19,50‚Ç¨",
650220,Interplanetary: Enhanced Edition,"2 Aug, 2017","14,99‚Ç¨",
573490,Interstellar Transport Company,"24 May, 2019","21,99‚Ç¨",
1222300,Into The Flames,"10 Jan, 2023","16,79‚Ç¨",
"1500,1510,1520,1530,209771,209772",Introversion Classics Pack,,"19,50‚Ç¨",
91330,Iron Front: Digital War Edition,"25 May, 2012","14,99‚Ç¨",
3015910,iScoot: Scooter Sim,Coming soon,,
1556790,Isonzo,"13 Sep, 2022","15,74‚Ç¨",
984790,It'sRoachTime!,"8 Mar, 2022","2,99‚Ç¨",
2069820,Iterum,"25 Aug, 2023","11,79‚Ç¨",
1376290,JET SET CORPS,"11 Nov, 2020","6,89‚Ç¨",
2846300,Jetsoccer,To be announced,,
1933140,Jeu de Tarot,"3 May, 2022","9,99‚Ç¨",
2538220,Joint Recall,Coming soon,,
3082990,Joker Order: Deckbuilding,Coming soon,Free,
3251300,Jonah Lomu Rugby Challenge 4,Coming soon,,
3144110,Journey Up,"5 Mar, 2025","8,79‚Ç¨",
1823200,Jumanji: Wild Adventures,"3 Nov, 2023","39,99‚Ç¨",
648350,Jurassic World Evolution,"12 Jun, 2018","11,24‚Ç¨",
1244460,Jurassic World Evolution 2,"9 Nov, 2021","17,99‚Ç¨",
979070,Just Die Already,"20 May, 2021","13,99‚Ç¨",
3273710,Kart Evolution 2025,Q3 2025,Free,
1683340,Kayak VR: Mirage,"12 Jul, 2022","22,99‚Ç¨",
1001270,Kebab Chefs! - Restaurant Simulator,"19 Jan, 2024","17,49‚Ç¨",
2466680,Kebab Simulator: Prologue,"17 Jul, 2023",Free,
341800,Keep Talking and Nobody Explodes,"8 Oct, 2015","14,79‚Ç¨",
954850,Kerbal Space Program 2,"24 Feb, 2023","49,99‚Ç¨",
2357000,Kill It With Fire 2,"16 Apr, 2024","9,61‚Ç¨",
293940,Kill The Bad Guy,"28 May, 2014","4,99‚Ç¨",
701160,Kingdom Two Crowns,"11 Dec, 2018","4,99‚Ç¨",
227180,Kingdom Wars,"1 Apr, 2013",Free,
2572400,"Kingdom, Dungeon, and Hero","1 Jul, 2024","28,99‚Ç¨",
1307890,Kingdoms Reborn,"3 Nov, 2020","19,99‚Ç¨",
2109770,Kingmakers,Q2 2025,,
253900,Knights and Merchants,"14 Oct, 2013","9,75‚Ç¨",
736820,Knights of Honor II: Sovereign,"6 Dec, 2022","44,99‚Ç¨",
824270,KovaaK's,"3 Apr, 2018","8,19‚Ç¨",
1391050,Kraken Smash: Volleyball,"26 Jan, 2021","0,74‚Ç¨",
860620,KURSK,"7 Nov, 2018","7,99‚Ç¨",
1785270,L.O.L. Surprise! B.B.s BORN TO TRAVEL‚Ñ¢,"7 Oct, 2022","13,99‚Ç¨",
3329520,LabyrinTheam,2025,,
2809380,Last Frontier,Coming soon,,
767490,Last Wood,"27 Jan, 2022","12,49‚Ç¨",
1407180,Lawgivers II,"18 Aug, 2023","24,99‚Ç¨",
1480560,Lawn Mowing Simulator,"10 Aug, 2021","19,99‚Ç¨",
2399420,Le Mans Ultimate,"20 Feb, 2024","34,99‚Ç¨",
3533500,Leaforia,2025,,
1702140,Left to Survive: Zombie Shooter,"18 Nov, 2021",Free,
3649730,Legend Battles,June 2025,Free,
1823490,Legend¬†of¬†the¬†Phoenix,"27 Jan, 2022",Free,
352400,LEGO¬Æ Jurassic World,"12 Jun, 2015","19,99‚Ç¨",
332310,LEGO¬Æ Worlds,"7 Mar, 2017","29,99‚Ç¨",
1533960,Liars Village,"13 Apr, 2021","12,79‚Ç¨",
3372420,LIBRITOPIA: Librarian Simulator,"30 Jan, 2025","6,89‚Ç¨",
1548910,Life in Willowdale: Farm Adventures,"25 Oct, 2022","19,99‚Ç¨",
3285700,Life is Feudal: Arden,"25 Feb, 2025",Free,
496460,Life is Feudal: Forest Village,"26 May, 2017","21,48‚Ç¨",
290080,Life is Feudal: Your Own,"17 Nov, 2015","19,99‚Ç¨",
1670810,Life Not Supported,"26 Jun, 2023","12,94‚Ç¨",
410340,Liftoff¬Æ: FPV Drone Racing,"13 Sep, 2018","19,99‚Ç¨",
1432320,Liftoff¬Æ: Micro Drones,"30 Nov, 2021","15,99‚Ç¨",
3205410,Line Clipper: Tennis Tactics,2025,,
2769110,Line of Fire - Pirate Waltz,"10 Feb, 2025","4,99‚Ç¨",
1620750,Links E6,"28 Jun, 2021",Free,
1183010,Listeria Wars,"8 Dec, 2022","2,94‚Ç¨",
1149940,Lock 'n Load Tactical Digital: Core Game,"3 Apr, 2020","3,99‚Ç¨",
2320980,Loftia,Coming soon,,
3179350,Long Drive North: Co-Op RV Simulator,2025,,
3494520,Lost Rift,Coming soon,,
2126990,Lost World,"5 Feb, 2023","9,75‚Ç¨",
3167920,Low-Budget Repairs,Coming soon,,
1720620,Luck City - monopoly,"23 Apr, 2025","4,99‚Ç¨",
454540,LuckCatchers,"15 Nov, 2016",Free,
2408820,Luma Island,"20 Nov, 2024","19,99‚Ç¨",
976900,Lumberhill,"13 Jun, 2021","5,04‚Ç¨",
763100,Lumberjack Simulator,"3 Oct, 2021","14,99‚Ç¨",
3614690,Lunhowl: Co-op Horror,Coming soon,,
3403920,Luxury Supermarket Simulator,Coming soon,,
1816930,Mad Experiments 2: Escape Room,"14 Oct, 2022","5,11‚Ç¨",
1342330,Mad Games Tycoon 2,"31 May, 2023","20,99‚Ç¨",
2358420,Madhouse Madness: Streamer's Fate,"5 Jun, 2024","8,79‚Ç¨",
453270,Madness Cubed,"12 May, 2016","0,79‚Ç¨",
764050,Maelstrom,"20 Sep, 2019",Free,
1327920,Maestro VR,"5 Nov, 2022","21,30‚Ç¨",
3204120,Maestro's Cold War 2,"3 Apr, 2025","4,99‚Ç¨",
2968010,Mafia Simulator,Coming soon,,
1971570,Magnytour,"14 Jul, 2023","14,79‚Ç¨",
1078920,Main Assembly,"26 Jan, 2021","19,99‚Ç¨",
964020,Make Your Kingdom,"20 Jan, 2022","12,49‚Ç¨",
46770,Making History II: The War of the World,"27 Aug, 2010","14,79‚Ç¨",
959150,Making History: The First World War,"5 Mar, 2021","24,50‚Ç¨",
3092980,MALL MANAGER SIMULATOR,"16 May, 2025","9,49‚Ç¨",
1512940,Malody V,"28 Feb, 2023","2,99‚Ç¨",
2569820,Manic Mechanics,"7 Mar, 2024","22,39‚Ç¨",
1035320,MarineVerse Sailing Club,"24 Apr, 2024","38,99‚Ç¨",
3163840,Market Empire Simulator,Q2 2025,,
3579920,Market Simulator,"28 Apr, 2025","4,99‚Ç¨",
1345760,Matchpoint - Tennis Championships,"7 Jul, 2022","39,99‚Ç¨",
486310,Meadow - A Shelter Game,"26 Oct, 2016","6,89‚Ç¨",
2749170,Mecha Party,"10 May, 2024","17,49‚Ç¨",
2738660,Mecha Simultactics,To be announced,Free,
669330,Mechabellum,"26 Sep, 2024","14,79‚Ç¨",
2061620,Mechanic Heroes,"15 Dec, 2023","13,79‚Ç¨",
2000890,MechWarrior 5: Clans,"17 Oct, 2024","28,99‚Ç¨",
1129580,Medieval Dynasty,"23 Sep, 2021","29,99‚Ç¨",
437550,Melon Simulator‚Ñ¢,"4 Nov, 2016","4,99‚Ç¨",
64000,Men of War: Assault Squad,"25 Feb, 2011","9,99‚Ç¨",
"64000,64005,64013,64014,64016,64017",Men of War: Assault Squad - Game of the Year Edition,"9 Feb, 2012","14,99‚Ç¨",
244450,Men of War: Assault Squad 2,"15 May, 2014","29,99‚Ç¨",
7830,Men of War‚Ñ¢,"6 May, 2009","4,99‚Ç¨",
1610860,Merek's Market,"15 Sep, 2021","11,99‚Ç¨",
3239840,Merge Together,"8 Nov, 2024","0,49‚Ç¨",
1358810,Metal Force: Tank Games Online,"4 Aug, 2022",Free,
2322440,METAL SLUG ATTACK RELOADED,"18 Jun, 2024","9,99‚Ç¨",
581130,Metal Waltz: Anime tank girls,"3 May, 2017",Free,
2453200,Metalstorm,Coming soon,Free,
3239770,Metrogether Train Simulator,"24 Apr, 2025","17,49‚Ç¨",
2582310,MetroSim - The Subway Simulator,To be announced,,
1936810,Miami Hotel Simulator,Q2 2025,,
1967700,Miami Hotel Simulator Prologue,"29 Apr, 2024",Free,
1411480,MicroFactory,Coming soon,,
2537590,Microsoft Flight Simulator 2024,"19 Nov, 2024","79,99‚Ç¨",
1250410,Microsoft Flight Simulator 40th Anniversary Edition,"18 Aug, 2020","69,99‚Ç¨",
3419250,Mid,"24 Mar, 2025",Free,
2981400,Middle Ages: Peasants & Knights,2025,,
912000,Mike goes on hike,Q2 2025,,
2342030,Military Tanks,"11 Apr, 2023",Free,
1268590,Millennia,"26 Mar, 2024","39,99‚Ç¨",
645460,Mind Maze,"24 Jun, 2017","4,99‚Ç¨",
1214180,Mini Countries,"12 Feb, 2021","8,19‚Ç¨",
1252650,Mini Golf Club,"29 May, 2020","12,49‚Ç¨",
1315410,Mini Maker: Make A Thing,"28 Jun, 2022","8,19‚Ç¨",
814480,Mini World: CREATA,"28 Apr, 2018",Free,
1408080,Minigame Madness,"13 Nov, 2023","9,99‚Ç¨",
389570,Mitos.is: The Game,"29 Jul, 2015",Free,
2293400,Moleshine Cooking Simulator,Coming soon,,
1141930,Mondly: Learn Languages in VR,"25 Sep, 2019","8,19‚Ç¨",
1474700,MONOPOLY Poker,"3 Jun, 2021",Free,
1267070,Monorail Stories,"30 Sep, 2022","3,56‚Ç¨",
711750,Monster Energy Supercross - The Official Videogame,"13 Feb, 2018","19,99‚Ç¨",
882020,Monster Energy Supercross - The Official Videogame 2,"8 Feb, 2019","19,99‚Ç¨",
1089830,Monster Energy Supercross - The Official Videogame 3,"4 Feb, 2020","24,99‚Ç¨",
1304340,Monster Energy Supercross - The Official Videogame 4,"11 Mar, 2021","29,99‚Ç¨",
1610460,Monster Energy Supercross - The Official Videogame 5,"17 Mar, 2022","39,99‚Ç¨",
2058750,Monster Energy Supercross - The Official Videogame 6,"9 Mar, 2023","4,99‚Ç¨",
917900,Monster Logic,"6 Jul, 2020","3,99‚Ç¨",
3021850,Monster Meals,"17 Jan, 2025","6,89‚Ç¨",
2451310,Monster Mop Up,Q3 2025,,
1664360,Monuments Flipper: Prologue,"18 May, 2022",Free,
2983760,Moon 2999,Q3 2025,Free,
2625470,Moon Colony,To be announced,,
2769340,Moonshot,2025,,
1111290,Moscow Rush,Coming soon,,
240600,MotoGP‚Ñ¢13,"21 Jun, 2013","9,99‚Ç¨",
256390,MotoGP‚Ñ¢14,"20 Jun, 2014","9,99‚Ç¨",
355130,MotoGP‚Ñ¢15,"24 Jun, 2015","9,99‚Ç¨",
561610,MotoGP‚Ñ¢17,"15 Jun, 2017","14,99‚Ç¨",
775900,MotoGP‚Ñ¢18,"7 Jun, 2018","14,99‚Ç¨",
984780,MotoGP‚Ñ¢19,"6 Jun, 2019","19,99‚Ç¨",
1161490,MotoGP‚Ñ¢20,"23 Apr, 2020","19,99‚Ç¨",
1447000,MotoGP‚Ñ¢21,"22 Apr, 2021","24,99‚Ç¨",
1710580,MotoGP‚Ñ¢22,"21 Apr, 2022","29,99‚Ç¨",
2100160,MotoGP‚Ñ¢23,"8 Jun, 2023","39,99‚Ç¨",
2581700,MotoGP‚Ñ¢24,"2 May, 2024","9,99‚Ç¨",
3077390,MotoGP‚Ñ¢25,"30 Apr, 2025","59,99‚Ç¨",
1369670,Motor Town: Behind The Wheel,"18 Dec, 2021","19,50‚Ç¨",
3273650,Motorbike Evolution 2025,Q3 2025,Free,
415200,Motorsport Manager,"9 Nov, 2016","19,99‚Ç¨",
261550,Mount & Blade II: Bannerlord,"25 Oct, 2022","49,99‚Ç¨",
48700,Mount & Blade: Warband,"31 Mar, 2010","19,99‚Ç¨",
48720,Mount & Blade: With Fire & Sword,"3 May, 2011","9,99‚Ç¨",
996770,Moving Out,"28 Apr, 2020","22,99‚Ç¨",
1641700,Moving Out 2,"15 Aug, 2023","29,99‚Ç¨",
675010,MudRunner,"31 Oct, 2017","19,99‚Ç¨",
2613250,Multiplayer Drone Simulator,"5 Oct, 2023","0,99‚Ç¨",
638070,Murderous Pursuits,"26 Apr, 2018","8,99‚Ç¨",
520940,MX vs ATV All Out,"27 Mar, 2018","39,99‚Ç¨",
55140,MX vs. ATV Reflex,"26 Nov, 2010","19,99‚Ç¨",
282050,MX vs. ATV Supercross Encore,"28 Oct, 2015","29,99‚Ç¨",
256370,MXGP - The Official Motocross Videogame,"28 Mar, 2014","9,99‚Ç¨",
1018160,MXGP 2019 - The Official Motocross Videogame,"27 Aug, 2019","24,99‚Ç¨",
1259800,MXGP 2020 - The Official Motocross Videogame,"16 Dec, 2020","2,99‚Ç¨",
1610470,MXGP 2021 - The Official Motocross Videogame,"30 Nov, 2021","39,99‚Ç¨",
2603040,MXGP 24: The Official Game,"28 Nov, 2024","49,99‚Ç¨",
798290,MXGP PRO,"29 Jun, 2018","19,99‚Ç¨",
400800,MXGP2 - The Official Motocross Videogame,"7 Apr, 2016","14,99‚Ç¨",
561600,MXGP3 - The Official Motocross Videogame,"30 May, 2017","19,99‚Ç¨",
799240,My Free Farm 2,"3 Apr, 2018",Free,
694130,My Free Zoo,"28 Nov, 2017",Free,
1578390,My Garage,"10 Aug, 2021","19,90‚Ç¨",
2376970,My Horse: Bonded Spirits,"19 Jun, 2024","19,30‚Ç¨",
1004270,My Island,"1 May, 2024","12,00‚Ç¨",
789100,My Little Farmies,"27 Feb, 2018",Free,
821610,My Sunny Resort,"3 May, 2018",Free,
1244910,My Supermarket,"20 Dec, 2024","5,91‚Ç¨",
1084600,My Time at Sandrock,"2 Nov, 2023","17,49‚Ç¨",
1385780,My Village Life,"27 Aug, 2020","14,79‚Ç¨",
2582960,NAKWON: LAST PARADISE,Coming soon,Free,
618620,Naval Armada: Fleet Battle,"15 Jan, 2020",Free,
1991850,Navy War: Battleship Games,"7 Jul, 2022",Free,
2338770,NBA 2K24,"8 Sep, 2023","59,99‚Ç¨",
2878980,NBA 2K25,"28 Oct, 2024","69,99‚Ç¨",
613730,Need For Drink,"3 Nov, 2017","1,99‚Ç¨",
24870,Need for Speed: Shift,"6 Oct, 2009",,
1262540,Need for Speed‚Ñ¢,"4 Jun, 2020","29,99‚Ç¨",
1262580,Need for Speed‚Ñ¢ Payback,"18 Jun, 2020","29,99‚Ç¨",
1846380,Need for Speed‚Ñ¢ Unbound,"2 Dec, 2022","69,99‚Ç¨",
2217910,NeoSprint,"27 Jun, 2024","24,50‚Ç¨",
878620,Neotrie VR Multiplayer,"7 Dec, 2018","19,50‚Ç¨",
2553040,Nested Lands,Coming soon,,
519190,Next Day: Survival,"21 May, 2018","8,99‚Ç¨",
6420,Nexus - The Jupiter Incident,"4 Jul, 2007","9,99‚Ç¨",
351100,Niffelheim,"26 Sep, 2018","18,36‚Ç¨",
2943670,Night Club Simulator,June 2025,,
3550980,Night Club Simulator: Prolouge,"11 Apr, 2025",Free,
1377380,Night of the Dead,"31 May, 2024","9,85‚Ç¨",
3376960,Nighthold,To be announced,,
2187420,Nightway,To be announced,,
3376250,Nine-Ball Roulette,"14 Jan, 2025","3,99‚Ç¨",
2424480,No Heroes Here 2,"29 Oct, 2024","17,99‚Ç¨",
275850,No Man's Sky,"12 Aug, 2016","23,59‚Ç¨",
829660,No Time to Relax,"21 Aug, 2019","11,59‚Ç¨",
2223980,Nomad Drive,2025,,
466560,Northgard,"7 Mar, 2018","27,99‚Ç¨",
2788630,Nothing Together,"2 Feb, 2024",Free,
491530,Notruf 112 | Emergency Call 112,"10 Nov, 2016","14,92‚Ç¨",
885570,Nova-Life: Amboise,"23 Apr, 2019",Free,
3250220,Nuts About Nuts,"10 Mar, 2025","14,79‚Ç¨",
2818510,Observe and Report,"31 May, 2024","4,99‚Ç¨",
1310520,Occupy Mars: Prologue (2020),"20 Aug, 2020",Free,
876160,Occupy White Walls,"8 Jul, 2022",Free,
2811830,Ocean World: Eden Crafters Prologue,"24 Jun, 2024",Free,
200230,Off-Road Drive,"29 Sep, 2011","4,99‚Ç¨",
271240,Offworld Trading Company,"28 Apr, 2016","28,99‚Ç¨",
517780,Ogre,"5 Oct, 2017","24,50‚Ç¨",
2878420,Old Market Simulator,"3 Oct, 2024","9,75‚Ç¨",
597180,Old World,"19 May, 2022","9,99‚Ç¨",
208520,Omerta - City of Gangsters,"31 Jan, 2013","14,99‚Ç¨",
"208520,215370,215371,215372,215373,215374",Omerta - City of Gangsters - GOLD EDITION,"28 Mar, 2014","24,99‚Ç¨",
2409430,Ominous Stew,June 2025,,
415740,OmniBus,"26 May, 2016","4,99‚Ç¨",
1140440,OMON Simulator,"18 Oct, 2019","0,49‚Ç¨",
252530,OMSI 2: Steam Edition,"11 Dec, 2013","29,99‚Ç¨",
285380,On The Road - The Truck Simulator,"14 Nov, 2019","24,95‚Ç¨",
2139460,Once Human,"9 Jul, 2024",Free,
1454160,One More Island,"16 May, 2022","2,77‚Ç¨",
2769270,Online Car Simulator,Coming soon,,
2500750,Only Climb: Better Together,"25 Jul, 2023","4,99‚Ç¨",
2821740,Only Pinball,"24 Sep, 2024","14,79‚Ç¨",
3108000,Only Trump: Up To Presidents!,"18 Oct, 2024","0,79‚Ç¨",
3279160,Only Up: LIZARDS MUST FALL,"3 Jan, 2025","2,99‚Ç¨",
2997450,Only Up: SKIBIDI,"23 Jun, 2024","2,99‚Ç¨",
2928650,Only Up: SKIBIDI TOGETHER,"12 Jul, 2024","1,64‚Ç¨",
1105810,Onset,"13 Dec, 2019","16,99‚Ç¨",
1192010,Open Country,"10 Jun, 2021","14,99‚Ç¨",
1536610,OpenTTD,"1 Apr, 2021",Free,
528740,Operation: New Earth,"14 Dec, 2016",Free,
1610430,OPG: Clan Wars,"7 Nov, 2024","4,87‚Ç¨",
298520,Orbital Gear,"8 Aug, 2014",Free,
312450,Order of Battle: World War II,"30 Apr, 2015",Free,
357310,Oriental Empires,"14 Sep, 2017","5,21‚Ç¨",
327090,Out of Reach,"13 Jul, 2018","14,99‚Ç¨",
867400,Out of Reach: Treasure Royale,"14 Oct, 2020","12,49‚Ç¨",
1107320,OUTBRK,"28 Jun, 2024","33,99‚Ç¨",
2929250,over the hill,To be announced,,
2778610,Over The Top: WWI,Coming soon,,
2109390,Overboss,"15 Aug, 2024","11,99‚Ç¨",
448510,Overcooked,"3 Aug, 2016","15,99‚Ç¨",
728880,Overcooked! 2,"7 Aug, 2018","22,99‚Ç¨",
1243830,Overcooked! All You Can Eat,"23 Mar, 2021","39,99‚Ç¨",
1830630,Overpass 2,"28 Sep, 2023","39,99‚Ç¨",
1133500,Overthrown,"5 Dec, 2024","19,99‚Ç¨",
1768280,Ozymandias: Bronze Age Empire Sim,"11 Oct, 2022","14,99‚Ç¨",
389670,Pacer,"29 Oct, 2020","39,99‚Ç¨",
3079190,PACS - Post Apocalypse Courier Service: Co-op Delivery Simulator,To be announced,,
1561980,PaintBall War 2,"8 Jan, 2022","3,29‚Ç¨",
2707930,Palia,"25 Mar, 2024",Free,
3264150,Paloma Island,Coming soon,,
287580,Pandora: First Contact,"30 May, 2014","5,79‚Ç¨",
1072040,Panzer Corps 2,"19 Mar, 2020","38,99‚Ç¨",
3305930,Panzer Strike,Q4 2025,,
3024130,Pao Pao,Q4 2025,,
2601840,Paper Play VR,2025,,
3281420,Paradise,Coming soon,Free,
2870120,Paranatural,2025,,
2622690,Park Ranger Simulator,2025,,
453090,Parkitect,"29 Nov, 2018","24,99‚Ç¨",
2796010,Party Club,"17 Mar, 2025","15,79‚Ç¨",
572430,Party Hard 2,"25 Oct, 2018","3,90‚Ç¨",
582550,Passpartout: The Starving Artist,"6 Jun, 2017","9,99‚Ç¨",
"57620,57730",Patrician IV Gold,"5 Oct, 2011","19,99‚Ç¨",
792220,Paunch,"4 Dec, 2019",Free,
218620,PAYDAY 2,"13 Aug, 2013","9,99‚Ç¨",
24240,PAYDAY‚Ñ¢ The Heist,"20 Oct, 2011","14,99‚Ç¨",
1126990,PBA Pro Bowling,"23 Oct, 2019","14,79‚Ç¨",
1415920,PBA Pro Bowling 2021,"29 Dec, 2020","14,79‚Ç¨",
1595050,PBA Pro Bowling 2023,"7 Sep, 2022","28,99‚Ç¨",
2336170,PC Futbol 8,Coming soon,,
2964280,Penguin Helper,"3 Sep, 2024","1,99‚Ç¨",
803050,Per Aspera,"3 Dec, 2020","20,99‚Ç¨",
2254990,Permafrost,2025,,
1588010,PGA TOUR 2K23,"13 Oct, 2022","59,99‚Ç¨",
2385530,PGA TOUR 2K25,"28 Feb, 2025","69,99‚Ç¨",
1109820,Pile Up! Box by Box,"18 Mar, 2021","14,99‚Ç¨",
238260,Pinball Arcade,"4 Nov, 2013",Free,
442120,Pinball FX3,"26 Sep, 2017",Free,
3623110,Ping Pong Up,"6 Jun, 2025",,
2155180,Pioneers of Pagonia,"13 Dec, 2023","27,99‚Ç¨",
2331530,Pirate Island,2025,,
1482470,Pirates Republic,To be announced,,
1620540,Pixel Cup Soccer - Ultimate Edition,"14 Oct, 2022","16,59‚Ç¨",
3194310,Pixel Dungeon VR: Prologue,"27 Sep, 2024",Free,
1131070,Pixel Puzzles 3: Ukiyo-e Jigsaws,"20 Jun, 2024","2,99‚Ç¨",
378760,Pixel Starships,"23 May, 2023",Free,
588160,Pizza Connection 3,"22 Mar, 2018","1,99‚Ç¨",
3319230,Pizza Simulator Together,Coming soon,,
1385290,Pizza Slice,2025,,
246620,Plague Inc: Evolved,"18 Feb, 2016","14,79‚Ç¨",
493340,Planet Coaster,"17 Nov, 2016","9,49‚Ç¨",
2688950,Planet Coaster 2,"6 Nov, 2024","37,49‚Ç¨",
3384570,Planet Party Time,Coming soon,Free,
1948430,Planet S,"28 Oct, 2023",Free,
703080,Planet Zoo,"5 Nov, 2019","13,49‚Ç¨",
386070,Planetary Annihilation: TITANS,"18 Aug, 2015","24,99‚Ç¨",
3381760,Plant poker,"28 Feb, 2025","1,99‚Ç¨",
1194710,Playground Heroes,Coming soon,,
3409720,POGO Epoch: Impossible 99%,"27 Jan, 2025","5,65‚Ç¨",
1174460,Poker Club,"20 Nov, 2020","19,99‚Ç¨",
758980,Poker Legends: Texas Hold'em Poker Tournaments,"5 Apr, 2018",Free,
994910,Poker Master,"24 Sep, 2020",Free,
1661280,Police Shootout: Prologue,"26 Apr, 2022",Free,
461870,Police Simulator: Patrol Duty,"18 Jun, 2019","14,99‚Ç¨",
997010,Police Simulator: Patrol Officers,"10 Nov, 2022","14,99‚Ç¨",
539470,Police Stories,"19 Sep, 2019","19,99‚Ç¨",
1986760,Police Stories: The Academy,"2 Aug, 2022",Free,
1479480,Polity - Online Role Playing,"27 Jun, 2024",Free,
1219480,Poly Squad,"14 Feb, 2021","4,67‚Ç¨",
2067020,Polygeddon,"17 Apr, 2025","12,79‚Ç¨",
2790190,Polygon Bit Battle Royale,Coming soon,,
2901540,Ponolf,Coming soon,,
891040,Pool 2D - Poolians,"11 Dec, 2019",Free,
254440,Pool Nation,"18 Oct, 2013","5,69‚Ç¨",
314000,Pool Nation FX Lite,"7 Dec, 2015",Free,
3060300,POOP,"14 Jul, 2024",Free,
2329070,POSTFROST,Coming soon,,
1290000,PowerWash Simulator,"14 Jul, 2022","24,99‚Ç¨",
2968420,PowerWash Simulator 2,Coming soon,,
752900,Prehistoric Hunt,"1 Dec, 2020","14,99‚Ç¨",
73190,Pride of Nations,"7 Jun, 2011","4,68‚Ç¨",
233450,Prison Architect,"6 Oct, 2015","24,99‚Ç¨",
1257610,Prison Architect 2,To be announced,,
2973830,Prison Boss Prohibition,"10 Jul, 2025",,
1904820,Prison Life,"23 Sep, 2022",Free,
2125160,Prison Life 2,"30 Mar, 2023","4,99‚Ç¨",
844960,Pro 11 - Football Manager Game,"13 Feb, 2020",Free,
525920,Pro Cycling Manager 2017,"15 Jun, 2017","0,99‚Ç¨",
1178400,Pro Cycling Manager 2020,"4 Jun, 2020","19,99‚Ç¨",
1453850,Pro Cycling Manager 2021,"3 Jun, 2021","39,99‚Ç¨",
1767560,Pro Cycling Manager 2022,"9 Jun, 2022","39,99‚Ç¨",
2063610,Pro Cycling Manager 2023,"8 Jun, 2023","39,99‚Ç¨",
2494350,Pro Cycling Manager 2024,"6 Jun, 2024","39,99‚Ç¨",
2511310,Pro Cycling Manager 25,"5 Jun, 2025",,
2165690,PRO ERA,"23 Dec, 2022","14,79‚Ç¨",
517270,Pro Farm Manager,"20 Nov, 2017","19,99‚Ç¨",
2511130,Pro Shooter VR,To be announced,,
258880,Professional Farmer 2014,"28 Nov, 2013","7,79‚Ç¨",
704030,Professional Farmer: Cattle and Crops,"15 Oct, 2020","16,79‚Ç¨",
798420,Professional Fishing,"30 Nov, 2018",Free,
958400,Project CARS 3,"28 Aug, 2020","59,99‚Ç¨",
1179280,PROJECT D : Human Risen,Coming soon,,
2806410,Project Entropy,"17 Apr, 2024",Free,
1954550,Project Hover,"6 Dec, 2024","14,79‚Ç¨",
299970,Project Motor Racing,Q4 2025,"59,99‚Ç¨",
2372480,Project Otherside,"3 Nov, 2024","2,99‚Ç¨",
895870,Project Wingman,"1 Dec, 2020","24,99‚Ç¨",
108600,Project Zomboid,"8 Nov, 2013","19,50‚Ç¨",
2383130,Project: Mist,Q3 2025,,
2136430,Projectile Arena,Coming soon,Free,
384180,Prominence Poker,"13 Dec, 2016",Free,
2208780,Psycho Fear,"19 Sep, 2024","9,99‚Ç¨",
578080,PUBG: BATTLEGROUNDS,"21 Dec, 2017",Free,
1455120,Pumping Simulator,"20 Dec, 2020","1,49‚Ç¨",
3177920,PUMPKIN PANIC,"31 Oct, 2024",Free,
2591310,Pure Badminton,Q4 2025,,
300630,Pure Chess Grandmaster Edition,"9 Sep, 2016","15,99‚Ç¨",
322950,Pure Hold'em,"20 Aug, 2015","17,49‚Ç¨",
300610,Pure Pool,"31 Jul, 2014","9,99‚Ç¨",
3456930,Pure Pool Pro,2025,,
2117430,Purrrifiers: Cleaning Chaos,Q3 2025,,
3618760,PyramidValley: Reborn,"17 Jul, 2025",Free,
1648190,QANGA,"2 Sep, 2024","19,50‚Ç¨",
2469160,QuizFizz,"29 Jun, 2023","3,99‚Ç¨",
8600,RACE 07,"15 Oct, 2007","7,79‚Ç¨",
211500,RaceRoom Racing Experience,"12 Feb, 2013",Free,
1026110,Racing Classics: Drag Race Simulator,"20 May, 2019",Free,
2407910,Racket Club,"14 Dec, 2023","24,50‚Ç¨",
648800,Raft,"20 Jun, 2022","19,99‚Ç¨",
867980,Raiders Of The Lost Island,"2 Sep, 2020","12,79‚Ç¨",
965600,Raiders of the North Sea,"30 Jul, 2019","6,24‚Ç¨",
797400,Railroad Corporation,"18 Nov, 2019","35,10‚Ç¨",
"7610,7620,7600",Railroad Tycoon Collection,,"14,99‚Ç¨",
3273700,Rally Evolution 2025,Q3 2025,Free,
3002090,Rally Mechanic Simulator: Light Edition,"12 Jul, 2024",Free,
1119730,"Ranch Simulator: Build, Hunt, Farm","3 Nov, 2023","24,99‚Ç¨",
1099510,Rap Simulator: The Rap Game,Coming soon,,
2585650,Rapid Soccer,Coming soon,,
1928900,Rat Royal,"5 Aug, 2022",Free,
1785950,Razgovor Online,2025,Free,
823950,Re:Legend,"6 Sep, 2022","24,99‚Ç¨",
1874980,Ready for Riot,To be announced,,
296770,Real Boxing‚Ñ¢,"2 Jul, 2014","4,99‚Ç¨",
2481890,Real Drift Multiplayer,"13 Jul, 2023","0,99‚Ç¨",
2588230,Real Drift Multiplayer 2,"19 Sep, 2023","0,99‚Ç¨",
670290,Real Pool 3D - Poolians,"4 Jan, 2018",Free,
1266470,Real VR Fishing,"6 Dec, 2024","16,79‚Ç¨",
2639410,RealLife,To be announced,Free,
610080,Realm Grinder,"15 Jun, 2017",Free,
3225420,Recharge,Q2 2025,,
35450,Red Orchestra 2: Heroes of Stalingrad with Rising Storm,"14 Sep, 2011","19,99‚Ç¨",
1200,Red Orchestra: Ostfront 41-45,"14 Mar, 2006","3,99‚Ç¨",
3664440,Red Rust Pioneers: Co-Op Wild West Survival,2026,,
1140630,Red Wings: Aces of the Sky,"13 Oct, 2020","7,05‚Ç¨",
886060,Redout: Space Assault,"22 Jan, 2021","9,99‚Ç¨",
3474060,Relic Hunt,"12 Feb, 2025",Free,
574180,Rem Survival,"5 Mar, 2021","15,79‚Ç¨",
2138720,REMATCH,"19 Jun, 2025","24,99‚Ç¨",
2099680,Rent A Car Simulator 24,"23 Aug, 2024","8,95‚Ç¨",
931150,Rento Fortune VR,"20 Nov, 2018","8,99‚Ç¨",
339210,RESCUE 2: Everyday Heroes,"3 Jun, 2015","14,99‚Ç¨",
2915770,Rescue Ops: Wildfire,Coming soon,,
1662570,Rescue Party: Live!,"13 Jan, 2022","9,99‚Ç¨",
3732960,Rest Area Simulator,Coming soon,,
2375600,Restaurant Battle,"14 Jul, 2023","14,79‚Ç¨",
1166660,Restaurant Simulator,To be announced,,
2870920,Restaurats,Coming soon,,
3089130,Retail Company Simulator,"6 Aug, 2024","11,79‚Ç¨",
3089150,Retail Company Simulator: Prologue,"19 Jul, 2024",Free,
1118310,RetroArch,"27 May, 2022",Free,
3174480,Return to campus,"13 Jan, 2025",Free,
374380,Revolution Under Siege Gold,"2 Jul, 2015","24,50‚Ç¨",
339790,rFactor,"2 Mar, 2015","22,99‚Ç¨",
345660,RIDE,"27 Mar, 2015","19,99‚Ç¨",
477770,Ride 2,"7 Oct, 2016","24,99‚Ç¨",
759740,RIDE 3,"30 Nov, 2018","29,99‚Ç¨",
1259980,RIDE 4,"8 Oct, 2020","5,99‚Ç¨",
1650010,RIDE 5,"24 Aug, 2023","59,99‚Ç¨",
202310,Ridge Racer‚Ñ¢ Unbounded,"30 Mar, 2012","9,99‚Ç¨",
1346010,RiMS Racing,"19 Aug, 2021","49,99‚Ç¨",
342310,RIOT: Civil Unrest,"12 Feb, 2019","16,99‚Ç¨",
287450,Rise of Nations: Extended Edition,"13 Jun, 2014","19,99‚Ç¨",
835650,Rising Lords,"18 Jan, 2024","19,99‚Ç¨",
418460,Rising Storm 2: Vietnam,"30 May, 2017","22,99‚Ç¨",
234510,Rising Storm Game of the Year Edition,"30 May, 2013","19,99‚Ç¨",
1166860,Rival Stars Horse Racing: Desktop Edition,"24 Jun, 2020","38,99‚Ç¨",
2937440,Rival Stars Horse Racing: VR Edition,"17 Apr, 2025","19,50‚Ç¨",
3207670,Road Food Simulator,"30 May, 2025",,
3708130,Road Food Simulator: Prologue,Coming soon,Free,
1419040,Road Maintenance Simulator,"7 Apr, 2022","24,95‚Ç¨",
3219820,Road Motel Simulator,Coming soon,,
929060,Road to Eden,"28 Feb, 2019","10,07‚Ç¨",
2104890,RoadCraft,"20 May, 2025","39,99‚Ç¨",
3203180,Rob Together,Q3 2025,,
1187510,Rock Simulator,"27 Nov, 2019","1,99‚Ç¨",
1949770,Rock Simulator 2,"30 Nov, 2023","2,99‚Ç¨",
2004380,ROD Multiplayer Car Driving,"25 Nov, 2022","0,49‚Ç¨",
282560,RollerCoaster Tycoon World‚Ñ¢,"16 Nov, 2016","14,99‚Ç¨",
285330,RollerCoaster Tycoon¬Æ 2: Triple Thrill Pack,"21 May, 2014","9,99‚Ç¨",
1368820,RollerCoaster Tycoon¬Æ 3: Complete Edition,"24 Sep, 2020","19,99‚Ç¨",
2700,RollerCoaster Tycoon¬Æ 3: Platinum,"12 Mar, 2008",,
285310,RollerCoaster Tycoon¬Æ: Deluxe,"21 May, 2014","5,99‚Ç¨",
1334330,Rolling Arcade,"10 Jun, 2020","0,79‚Ç¨",
1443980,Roman Empire Wars,"14 Sep, 2025",,
965580,Root,"24 Sep, 2020","6,24‚Ç¨",
1940080,Rooted,To be announced,,
3475080,Roulette Heist,"30 Jun, 2025",,
1435900,Route 66 Simulator,Coming soon,,
846730,RUGBY 20,"23 Jan, 2020","19,99‚Ç¨",
1475850,Rugby 22,"27 Jan, 2022","39,99‚Ç¨",
3320540,Run Pizza Run 2,May 2025,,
3477970,Run Pro,"3 Mar, 2025","2,99‚Ç¨",
2020860,Rush Rally 3,"24 Nov, 2022","14,79‚Ç¨",
1728660,Rush Rally Origins,"13 Apr, 2022","14,79‚Ç¨",
766570,Russian Fishing 4,"11 Nov, 2021",Free,
1070330,Russian Life Simulator,"17 May, 2019","0,49‚Ç¨",
2747720,Russian Roulette: Online,"27 Sep, 2024","4,99‚Ç¨",
252490,Rust,"8 Feb, 2018","39,99‚Ç¨",
1109840,R√©ussir : Code de la Route - Nouvelle √âdition (French Highway Code),"29 Nov, 2019","14,99‚Ç¨",
3434920,SAGE,To be announced,,
3736520,SAHUR: Escape Together,May 2025,,
2631870,Sailaway III,"1 Nov, 2024","14,00‚Ç¨",
526870,Satisfactory,"10 Sep, 2024","38,99‚Ç¨",
1540840,Sausage Fiesta,"31 Mar, 2021","4,99‚Ç¨",
1785910,SBK‚Ñ¢22,"15 Sep, 2022","29,99‚Ç¨",
2582990,School Girl Simulator,Coming soon,,
3359320,SchoolBoy Runaway,"7 Dec, 2024","5,89‚Ç¨",
2205330,Scourge Of War - Remastered,"6 Sep, 2024","18,49‚Ç¨",
387990,Scrap Mechanic,"20 Jan, 2016","19,99‚Ç¨",
990920,Sea of Craft,"10 Mar, 2023","14,99‚Ç¨",
1911420,SEARCH AND RESCUE,"6 Jun, 2023","5,89‚Ç¨",
3456760,Seller Simulator,Coming soon,,
73210,Sengoku,"15 Sep, 2011","9,99‚Ç¨",
2867440,Sengoku:Battle Royal,"18 Jul, 2024",Free,
2249160,September 7th,"7 Jan, 2023","1,99‚Ç¨",
2601010,Sequence: The Ranked Poker Dice Game,"22 Oct, 2024","3,99‚Ç¨",
1392560,Serious Fun Football,"14 Jul, 2022","8,19‚Ç¨",
861650,Session: Skate Sim,"22 Sep, 2022","11,99‚Ç¨",
1266640,SGS Afrika Korps,"12 Nov, 2020","20,99‚Ç¨",
1663730,SGS Afrika Korps: Tunisia,"28 Sep, 2021","20,99‚Ç¨",
1519070,SGS Halls of Montezuma,"20 May, 2021","20,99‚Ç¨",
1519050,SGS Heia Safari,"25 Nov, 2021","20,99‚Ç¨",
1933820,SGS Korean War,"27 Oct, 2022","24,99‚Ç¨",
2128770,SGS Okinawa,"21 Nov, 2022","12,49‚Ç¨",
1978580,SGS Operation Downfall,"9 Aug, 2022","16,79‚Ç¨",
1802080,SGS Operation Hawaii,"7 Dec, 2021","8,19‚Ç¨",
1849370,SGS Pacific D-Day,"28 Apr, 2022","24,99‚Ç¨",
1180900,SGS Winter War,"15 Jul, 2020","17,99‚Ç¨",
463860,Shadows of Kurgansk,"15 Dec, 2016","2,09‚Ç¨",
964620,Shakes on a Plane,"15 Dec, 2020","1,49‚Ç¨",
1216320,Shieldwall,"18 Apr, 2023","16,55‚Ç¨",
47920,Shift 2 Unleashed,"29 Mar, 2011",,
2201940,Ship Graveyard Simulator 2,"16 Aug, 2023","23,80‚Ç¨",
2295920,Ship Graveyard Simulator 2: Prologue,"26 Apr, 2023",Free,
1664350,Ship Graveyard Simulator: Prologue,"7 Oct, 2021",Free,
3396090,Shop Life Simulator,"7 Apr, 2025","8,77‚Ç¨",
3194510,Shop Simulator: Pet Shop,"25 Oct, 2024","9,99‚Ç¨",
2886550,Shop Simulator: Supermarket,"25 Oct, 2024","9,99‚Ç¨",
3361340,Shop Simulator: Waifu Pillows,"3 Mar, 2025","9,99‚Ç¨",
3054440,Short Snow,"18 Apr, 2025","6,89‚Ç¨",
1874170,Shredders,"17 Mar, 2022","17,99‚Ç¨",
2077070,Shufflepoker,"30 Aug, 2022","2,99‚Ç¨",
1426530,Sid Classic,"19 Feb, 2021",Free,
16810,Sid Meier's Civilization IV: Colonization,"24 Sep, 2008","19,99‚Ç¨",
3900,Sid Meier's Civilization¬Æ IV,"26 Oct, 2006","19,99‚Ç¨",
8930,Sid Meier's Civilization¬Æ V,"23 Sep, 2010","27,40‚Ç¨",
1295660,Sid Meier's Civilization VII,"11 Feb, 2025","69,99‚Ç¨",
65980,Sid Meier's Civilization¬Æ: Beyond Earth‚Ñ¢,"23 Oct, 2014","39,99‚Ç¨",
7600,Sid Meier's Railroads!,"5 May, 2007","9,99‚Ç¨",
289070,Sid Meier‚Äôs Civilization¬Æ VI,"21 Oct, 2016","59,99‚Ç¨",
2456090,Sidecar Evolution 2024,"12 Aug, 2024",Free,
3273670,Sidecar Evolution 2025,Q3 2025,Free,
716640,Sigma Theory: Global Cold War,"21 Nov, 2019","17,99‚Ç¨",
2796180,SILENT BREATH,"5 Apr, 2024","9,75‚Ç¨",
3340880,Silicone Heart,To be announced,,
2253720,Sim Companies,"31 Aug, 2023",Free,
3620510,siMarket Cloth Store Simulator,Q2 2025,,
"44690,44600,8790,4230,4290,8600,8640,8650,8690,44680,8660",SimBin Mega Bundle,,"29,95‚Ç¨",
24780,SimCity‚Ñ¢ 4 Deluxe Edition,"20 Jul, 2010","19,99‚Ç¨",
1422130,SimRail - The Railway Simulator,"13 Dec, 2024","33,99‚Ç¨",
434520,Simutrans,"24 May, 2016",Free,
"201290,204880,228600,228601,255910,487280,974650",Sins of a Solar Empire¬Æ - Ultimate Edition,"20 Jun, 2019","48,99‚Ç¨",
204880,Sins of a Solar Empire¬Æ: Rebellion,"12 Jun, 2012","19,50‚Ç¨",
"204880,228600",Sins of a Solar Empire¬Æ: Rebellion: Game and Soundtrack Bundle,,"28,99‚Ç¨",
1548850,Six Days in Fallujah,"22 Jun, 2023","38,99‚Ç¨",
962730,Skater XL - The Ultimate Skateboarding Game,"28 Jul, 2020","33,99‚Ç¨",
270950,Ski Region Simulator - Gold Edition,"31 Jan, 2014","8,99‚Ç¨",
2515210,SKIBIDI BACKROOMS,"10 Dec, 2023","0,55‚Ç¨",
2497560,SKIBIDI: ESCAPE FROM TOILETS!,"30 Nov, 2023","4,99‚Ç¨",
2911290,SKUF BACKROOMS,"21 Nov, 2024","1,99‚Ç¨",
2689200,SKUF SIMULATOR,Coming soon,,
630140,Sky Clash: Lords of Clans 3D,"5 Sep, 2018",Free,
3225030,Sky Combat: WWII Warplane Races,"3 Mar, 2025","14,99‚Ç¨",
3325480,Sky Fields,2025,,
304910,Sky Gamblers: Storm Raiders,"8 Jan, 2015","8,19‚Ç¨",
1362000,Skyclimbers,2026,,
2305210,Skyformer,2025,,
2354000,Slackers - Carts of Glory,"18 Sep, 2024","12,99‚Ç¨",
1657630,Slime Rancher 2,"22 Sep, 2022","28,49‚Ç¨",
2485410,Slowly Sliding Ducks,To be announced,,
1601220,Smoots Summer Games,"22 Jul, 2021","5,69‚Ç¨",
1911220,Smurfs Kart,"22 Aug, 2023","29,99‚Ç¨",
922320,Sniper 3D Assassin: Free to Play,"19 Sep, 2018",Free,
3700,Sniper Elite,"16 Jul, 2009","7,99‚Ç¨",
238090,Sniper Elite 3,"27 Jun, 2014","28,99‚Ç¨",
63380,Sniper Elite V2,,,
"34830,34841,34842",Sniper Ghost Warrior Gold Edition,"9 Sep, 2011","7,99‚Ç¨",
34830,Sniper: Ghost Warrior,"9 Sep, 2011","7,99‚Ç¨",
34870,Sniper: Ghost Warrior 2,"12 Mar, 2013","9,99‚Ç¨",
887800,Snooker 19,"17 Apr, 2019","28,99‚Ç¨",
977670,Snow Ash Land,"28 Nov, 2018","4,99‚Ç¨",
587400,Snow Moto Racing Freedom,"11 Apr, 2017","10,79‚Ç¨",
590790,Snowballer,"9 Oct, 2020","0,79‚Ç¨",
1465360,SnowRunner,"18 May, 2021","14,99‚Ç¨",
1448530,Soccer Manager 2021,"16 Dec, 2020",Free,
1777760,Soccer Manager 2022,"26 Nov, 2021",Free,
3217240,Soccer Manager 2025,"23 Oct, 2024",Free,
485610,Soccer Online: Ball 3D,"31 Mar, 2017","0,49‚Ç¨",
3284110,Soccer Pro Simulator,"4 Mar, 2025","6,99‚Ç¨",
2916980,Sodden,Coming soon,,
2537430,Solar Smash: Annihilation,Coming soon,,
1805110,Solarpunk,2025,,
2628180,SOLCIALISTS,Coming soon,,
11480,Soldiers: Heroes of World War II - Enhanced Edition,"3 Jul, 2014","4,99‚Ç¨",
2875100,Somnium Tenebris,"1 Jul, 2024","4,99‚Ç¨",
1326470,Sons Of The Forest,"22 Feb, 2024","28,99‚Ç¨",
2646460,Soulmask,"31 May, 2024","23,98‚Ç¨",
743170,SOULZ,Coming soon,,
244850,Space Engineers,"28 Feb, 2019","16,99‚Ç¨",
2302770,Space Gears,To be announced,Free,
3740810,Space Mechanics: repair | hiring | crafting,"30 Jun, 2025",,
3587830,Space Restaurant,Coming soon,,
2585480,Space Station Multiverse,To be announced,Free,
840390,Spacebase Startopia,"26 Mar, 2021","39,99‚Ç¨",
3276050,SpaceCraft,2025,,
1412850,Spacelines from the Far Out,"9 Jun, 2022","12,49‚Ç¨",
1588400,Spacelines from the Far Out: Flight School,"7 Feb, 2022",Free,
3454630,"Spaceship Idle: Design, Build, Explore & Battle",2025,,
2358620,Spectator 2,"25 May, 2025","7,19‚Ç¨",
2367480,Speed Crew,"31 Jan, 2024","9,75‚Ç¨",
738550,Spike Volleyball,"5 Feb, 2019","19,99‚Ç¨",
2786900,Spikerz!,To be announced,,
1592110,Spirit of the Island,"17 Aug, 2022","14,79‚Ç¨",
17440,SPORE‚Ñ¢ Creepy & Cute Parts Pack,"19 Dec, 2008","19,99‚Ç¨",
24720,SPORE‚Ñ¢ Galactic Adventures,"23 Jun, 2009","19,99‚Ç¨",
3653250,Sporting Goods Shop,Coming soon,,
3653260,Sporting Goods Shop: Prologue,"13 May, 2025",Free,
1811340,Spray Paint Simulator,"29 May, 2025",,
393380,Squad,"23 Sep, 2020","48,99‚Ç¨",
736220,Squad 44,"9 Aug, 2018","28,00‚Ç¨",
3356330,Squid Plays Game,Coming soon,,
391640,Stage Presence,"28 Feb, 2017","1,95‚Ç¨",
748370,STAND OUT VR : VR Battle Royale,"17 May, 2019","22,99‚Ç¨",
1612810,Star Chef 2: Cooking Game,"10 Aug, 2021",Free,
527100,Star Trek‚Ñ¢: Bridge Crew,"30 May, 2017","24,99‚Ç¨",
32470,STAR WARS‚Ñ¢ Empire at War - Gold Pack,"26 May, 2010","19,50‚Ç¨",
1222730,STAR WARS‚Ñ¢: Squadrons,"2 Oct, 2020","39,99‚Ç¨",
454120,Starbase,"29 Jul, 2021","32,99‚Ç¨",
413150,Stardew Valley,"26 Feb, 2016","13,99‚Ç¨",
2793380,Starground,"19 Aug, 2024","9,75‚Ç¨",
244770,StarMade,"4 Dec, 2014","14,99‚Ç¨",
1631270,StarRupture,2025,,
623340,Stars End,"8 Jan, 2023","9,24‚Ç¨",
241540,State of Decay,"5 Nov, 2013",,
495420,State of Decay 2: Juggernaut Edition,"13 Mar, 2020","29,99‚Ç¨",
329430,State of Decay: YOSE,"27 Apr, 2015","16,79‚Ç¨",
3126500,States of Power,To be announced,,
405710,Staxel,"11 Apr, 2019","19,99‚Ç¨",
3585400,Steal The Pig,July 2025,,
595930,Steam: Rails to Riches,"25 Mar, 2017","9,75‚Ç¨",
919640,Steel Division 2,"20 Jun, 2019","39,99‚Ç¨",
572410,Steel Division: Normandy 44,"23 May, 2017","19,99‚Ç¨",
3199180,Steel Swarm: APOCALYPSE,"24 Jun, 2025",Free,
2381100,SteelRacer,Coming soon,,
460920,Steep‚Ñ¢,"2 Dec, 2016","29,99‚Ç¨",
1165400,Stellar Commanders,"20 Feb, 2020","7,39‚Ç¨",
1113030,Stellar Warfare,"4 Aug, 2021","19,99‚Ç¨",
281990,Stellaris,"9 May, 2016","39,99‚Ç¨",
2360810,Stickdown!,To be announced,,
1133590,Stilt Fella,"26 Feb, 2020","12,79‚Ç¨",
273840,Stock Car Extreme,"11 Feb, 2015","14,99‚Ç¨",
788470,Stonies,"21 Feb, 2018",Free,
3103460,Storage Guys,"15 Apr, 2025","11,99‚Ç¨",
1442430,Storage Hunter Simulator,"10 Oct, 2024","18,39‚Ç¨",
3213600,Store Wars: Multiplayer Shop Simulator,"19 Dec, 2024","12,79‚Ç¨",
3308210,Store Wars: Prologue - Multiplayer Shop Simulator,"19 Nov, 2024",Free,
3417410,Storebound,Coming soon,,
862800,Storm Chasers,"28 Jun, 2019","10,79‚Ç¨",
978780,STORY OF SEASONS: Friends of Mineral Town,"14 Jul, 2020","39,99‚Ç¨",
313120,Stranded Deep,"11 Aug, 2022","15,99‚Ç¨",
1378280,Stream Dogfighter,To be announced,,
1261040,Streamer Life Simulator,"21 Aug, 2020","19,50‚Ç¨",
1275760,Street Power Football,"25 Aug, 2020","29,99‚Ç¨",
3344400,Street Soccer Online,2025,,
3063240,Streets Adventure: Medina Motors,To be announced,,
2165810,Streets of Rogue 2,2025,,
1292040,STRIDE,"10 Jun, 2022","16,79‚Ç¨",
2719830,Striker Manager 3 - Online Football Manager,"23 May, 2024",Free,
2430370,Striker Zone: Gun Games Online,"5 Jun, 2023",Free,
1952920,Strikers Club,Coming soon,Free,
47400,Stronghold 3 Gold,"25 May, 2012","24,99‚Ç¨",
232890,Stronghold Crusader 2,"22 Sep, 2014","33,99‚Ç¨",
47410,Stronghold Kingdoms,"28 Feb, 2012",Free,
2140020,Stronghold: Definitive Edition,"7 Nov, 2023","14,99‚Ç¨",
3672290,StuckOn: Hamsterball,Coming soon,,
956000,Su Hack,"2 Nov, 2018","3,29‚Ç¨",
1469280,SuchArt: Creative Space,"21 Jan, 2021",Free,
1813130,Sugar Shack,"14 Sep, 2023","10,16‚Ç¨",
2193190,Sulky Manager,To be announced,,
2056200,Summa Expeditionis,"20 Nov, 2024","19,99‚Ç¨",
1178430,Summer Games Heroes,"4 Jan, 2020",Free,
731650,Summer Islands,"25 Jan, 2025","9,76‚Ç¨",
1707170,Sumo Tatami Prologue,"13 Feb, 2025",Free,
1432860,Sun Haven,"11 Mar, 2023","24,50‚Ç¨",
2616140,Sunset Motel,"18 Apr, 2025","18,49‚Ç¨",
2905970,Sunset Motel: Prologue,"29 Jul, 2024",Free,
1256710,Super Arcade Soccer 2021,"2 Mar, 2021","4,99‚Ç¨",
2697730,Super Cloud Fight,Coming soon,,
2651090,Super Stream-Bara,Coming soon,,
3453600,Supercar Collection Simulator,"14 Apr, 2025","12,99‚Ç¨",
3412600,Supermarket,Coming soon,Free,
3447530,Supermarket,Coming soon,,
2670630,Supermarket Simulator,"20 Feb, 2024","19,99‚Ç¨",
3398140,Supermarket Simulator Pro,"4 Mar, 2025","6,99‚Ç¨",
2709570,Supermarket Together,"9 Aug, 2024",Free,
282400,SuperPower 2 Steam Edition,"18 Apr, 2014","9,99‚Ç¨",
979920,Supremacy: 1914,"16 Jul, 2019",Free,
672680,Supremacy: Call of War 1942,"21 Oct, 2017",Free,
25910,Supreme Ruler 2020 Gold,"9 Jul, 2009","8,99‚Ç¨",
2093410,Supreme Ruler 2030,"25 Jul, 2023","28,99‚Ç¨",
2648290,Supreme Ruler The Great War Remastered,"19 Dec, 2023","19,50‚Ç¨",
314980,Supreme Ruler Ultimate,"17 Oct, 2014","17,99‚Ç¨",
774791,Surgeon Simulator 2,"2 Sep, 2021","19,50‚Ç¨",
722180,SURV1V3,"20 Jun, 2021","19,99‚Ç¨",
839630,Survisland / ÂÆûÂ¢ÉÊ±ÇÁîü,"15 Apr, 2024","12,49‚Ç¨",
1203370,Survival Classic,"22 Jan, 2021","9,99‚Ç¨",
1140130,Survival Vacancy,"19 Feb, 2021","19,50‚Ç¨",
1343520,Survival: Lost Way,"22 May, 2023","0,99‚Ç¨",
340050,Survivalist,"30 Jan, 2015","0,74‚Ç¨",
1094000,Survive on Raft,"6 Jul, 2019","6,82‚Ç¨",
684450,Surviving the Aftermath,"16 Nov, 2021","29,99‚Ç¨",
355060,S√©bastien Loeb Rally EVO,"29 Jan, 2016","1,99‚Ç¨",
1513550,Table Tennis Pro,"4 Mar, 2021","14,99‚Ç¨",
3139610,Tactical Pulse,Coming soon,,
2362200,Tactics Unlimited,"25 Mar, 2025","19,99‚Ç¨",
236510,Takedown: Red Sabre,"11 Feb, 2014","4,99‚Ç¨",
604500,Tank Force: Online Shooter Game,"23 Oct, 2017",Free,
2324500,Tank Online: War Shooting Simulator,"7 Mar, 2023","0,49‚Ç¨",
1498130,Tank Squad,"8 May, 2025","18,99‚Ç¨",
633460,Tannenberg,"16 Nov, 2017","19,99‚Ç¨",
3354260,TCG Multiplayer Card Shop Simulator,Q2 2025,,
1372810,Teamfight Manager,"1 Mar, 2021","9,75‚Ç¨",
1167630,Teardown,"21 Apr, 2022","29,99‚Ç¨",
781180,Technicity,"15 Sep, 2022","16,99‚Ç¨",
1457320,Techtonica,"7 Nov, 2024","28,99‚Ç¨",
3039490,Tedram Online: Car Racing & Customization,Coming soon,,
346470,Tennis Elbow 2013,"13 Mar, 2015","14,99‚Ç¨",
760640,Tennis Elbow 4,"4 Jun, 2021","29,99‚Ç¨",
994180,Tennis Fighters,"27 Feb, 2025","6,59‚Ç¨",
2076650,Tennis League VR,To be announced,,
1433010,Tennis Manager 2021,"7 Sep, 2021","9,75‚Ç¨",
1223910,Tennis World Tour 2,"24 Sep, 2020","39,99‚Ç¨",
2290000,TerraScape,"17 Jul, 2024","14,99‚Ç¨",
1249970,Test Drive Unlimited Solar Crown,"12 Sep, 2024","49,99‚Ç¨",
3174070,Texas Hold'em Poker: Pokerist,"18 Feb, 2025",Free,
2094850,The Backrooms Footage,"2 Sep, 2022","7,79‚Ç¨",
874390,The Battle of Polytopia,"4 Aug, 2020","12,49‚Ç¨",
3198760,THE BEST INVESTOR,June 2025,,
3563570,The Biggest Fool: DURAK,Coming soon,,
599080,The Blackout Club,"30 Jul, 2019","28,99‚Ç¨",
491540,The Bus,"25 Mar, 2021","38,99‚Ç¨",
3311740,The Cabin Factory,"13 Dec, 2024","2,99‚Ç¨",
1320550,The Call of Karen,"16 Jul, 2020",Free,
1237610,The Catch: Carp & Coarse Fishing,"30 Jun, 2020","12,99‚Ç¨",
1845700,The Collar,"29 Feb, 2024","4,99‚Ç¨",
677340,The Colonists,"24 Oct, 2018","22,99‚Ç¨",
646910,The Crew‚Ñ¢ 2,"29 Jun, 2018","29,99‚Ç¨",
1800940,The Enjenir: The Engineering Physics Building Simulator,"18 Dec, 2023","14,79‚Ç¨",
298630,The Escapists,"13 Feb, 2015","14,99‚Ç¨",
641990,The Escapists 2,"22 Aug, 2017","19,99‚Ç¨",
2544820,The First Explorers¬Æ,To be announced,,
1072480,The Fisherman - Fishing Planet,"17 Oct, 2019","29,99‚Ç¨",
522230,The Fishing Club 3D: Co-op Sport Angling,"23 Mar, 2017",Free,
260430,The Four Kings Casino and Slots,"1 Jun, 2015",Free,
2285150,The Front,"11 Oct, 2023","19,50‚Ç¨",
403120,THE GAME OF LIFE,"3 Nov, 2015","6,49‚Ç¨",
1455630,THE GAME OF LIFE 2,"11 Dec, 2020","12,49‚Ç¨",
1978210,The Grinch: Christmas Adventures,"13 Oct, 2023","39,99‚Ç¨",
311260,The Guild 3,"14 Jun, 2022","29,99‚Ç¨",
39650,The Guild II,"24 Jun, 2010","9,99‚Ç¨",
39680,The Guild II Renaissance,"28 Jul, 2010","9,99‚Ç¨",
450390,The Lab,"5 Apr, 2016",Free,
2909870,The Legacy,Coming soon,,
3602040,The Life Together Online,2025,,
2795540,The Midnight Walkers,Q2 2025,,
1325580,The Mighty Eighth VR,To be announced,,
3425440,The Mirrion,2025,,
1295920,The Mortuary Assistant,"2 Aug, 2022","20,99‚Ç¨",
2811100,The Mosquito Gang,"20 May, 2025","8,28‚Ç¨",
2633480,The Outforce,"6 Jan, 2024","9,75‚Ç¨",
512470,The Pirate: Caribbean Hunt,"24 Aug, 2016",Free,
723790,The Pirate: Plague of the Dead,"13 Oct, 2017",Free,
3134590,The Prison of Infinity Code ‚Äì Krylosis,"19 Aug, 2024","2,99‚Ç¨",
3390160,The Pub Life Simulator,June 2025,,
1501310,The Ranchers,Coming soon,,
1514970,The Sabotage,To be announced,,
466940,The Sandbox Evolution - Craft a 2D Pixel Universe!,"15 Nov, 2016",Free,
2750080,The Settlers: New Allies,"26 Mar, 2024","39,99‚Ç¨",
2400,The Ship: Murder Party,"11 Jul, 2006","9,99‚Ç¨",
47890,The Sims‚Ñ¢ 3,"27 Jan, 2011","19,99‚Ç¨",
2683740,THE SIREEN,Coming soon,,
2434050,The Sisters 2 - Road to Fame,"5 Oct, 2023","29,99‚Ç¨",
1593010,The Store is Closed,To be announced,,
584370,The Trail: Frontier Challenge,"16 Aug, 2017","14,99‚Ç¨",
916840,The Walking Dead: Saints & Sinners,"23 Jan, 2020","19,50‚Ç¨",
310370,The Way of Life Free Edition,"31 May, 2016",Free,
2642390,The Whims of the Gods üèùÔ∏èüè†üåã,Q3 2025,,
526160,The Wild Eight,"3 Oct, 2019","24,99‚Ç¨",
253710,theHunter Classic,"3 Jun, 2014",Free,
518790,theHunter: Call of the Wild‚Ñ¢,"16 Feb, 2017","19,50‚Ç¨",
1084020,TheoTown,"5 Jun, 2019","8,79‚Ç¨",
449540,There's Poop In My Soup,"14 Mar, 2016","0,99‚Ç¨",
542480,Therian Saga,"27 Mar, 2017",Free,
2272420,Thief Simulator 2: Prologue,"3 May, 2023",Free,
1019550,Thief Simulator VR,"5 Nov, 2020","16,79‚Ç¨",
1069640,This Land Is My Land,"20 Oct, 2021","28,99‚Ç¨",
758370,Through the Ages,"26 Mar, 2018","15,99‚Ç¨",
232970,Thunder Wolves,"15 May, 2013","9,99‚Ç¨",
2218370,Thunderbolt Poker,"8 Dec, 2022",Free,
2477010,Ticket to Ride¬Æ,"14 Nov, 2023","13,99‚Ç¨",
2264340,TIEBREAK+: Official Game of the ATP and WTA,"22 Aug, 2024","49,99‚Ç¨",
2528240,TinkerTech,To be announced,,
1887010,Tiny Football,"20 Jul, 2023","9,75‚Ç¨",
751500,TINY METAL,"21 Dec, 2017","24,99‚Ç¨",
836850,Tiny Tanks,"11 Apr, 2019","9,99‚Ç¨",
3211680,Tobacco Shop Simulator,"9 Dec, 2024","11,79‚Ç¨",
3211690,Tobacco Shop Simulator: Prologue,"1 Nov, 2024",Free,
2304680,Tofas Sahin: Online Car Driving,"15 Feb, 2023","0,49‚Ç¨",
977390,Tokyo Warfare Turbo,"18 Oct, 2019","14,49‚Ç¨",
1004490,Tools Up!,"3 Dec, 2019","8,57‚Ç¨",
1785650,TopSpin 2K25,"26 Apr, 2024","14,99‚Ç¨",
248570,Toribash,"17 May, 2014",Free,
3116640,Torque Drift 2,"28 Nov, 2024","13,49‚Ç¨",
674500,Total Tank Simulator,"20 May, 2020","19,99‚Ç¨",
325610,Total War: ATTILA,"17 Feb, 2015","44,99‚Ç¨",
"4700,4780",Total War: MEDIEVAL II - Definitive Edition,"28 Nov, 2007","24,99‚Ç¨",
4700,Total War: MEDIEVAL II ‚Äì Definitive Edition,"28 Nov, 2007","24,99‚Ç¨",
"34030,34178,34179,38185,34174",Total War: NAPOLEON - Definitive Edition,,"24,99‚Ç¨",
34030,Total War: NAPOLEON ‚Äì Definitive Edition,"26 Feb, 2010","24,99‚Ç¨",
214950,Total War: ROME II - Emperor Edition,"2 Sep, 2013","59,99‚Ç¨",
779340,Total War: THREE KINGDOMS,"23 May, 2019","59,99‚Ç¨",
1011670,Totally Reliable Delivery Service,"1 Apr, 2021","2,95‚Ç¨",
2494340,Tour de France 2024,"6 Jun, 2024","39,99‚Ç¨",
2511320,Tour de France 2025,"5 Jun, 2025",,
1088950,Touring Karts,"12 Dec, 2019","16,79‚Ç¨",
953580,Tourist Bus Simulator,"6 Dec, 2018","29,95‚Ç¨",
98300,Toy Soldiers,"27 Apr, 2012","6,02‚Ç¨",
1446160,Toy Soldiers: HD,"21 Oct, 2021","24,99‚Ç¨",
1772530,Toy Tactics,"19 Sep, 2024","24,50‚Ç¨",
1510570,Toy Tinker Simulator: Prologue,"22 Jan, 2021",Free,
11020,TrackMania Nations Forever,"16 Apr, 2008",Free,
7200,Trackmania United Forever,"16 Apr, 2008","29,99‚Ç¨",
232910,TrackMania¬≤ Stadium,"20 Jun, 2013","9,99‚Ç¨",
3420920,Trade Rivals - Goblin Age,Q2 2025,,
1301930,Traffic Jams,"8 Apr, 2021","9,99‚Ç¨",
304730,Train Fever,"4 Sep, 2014","19,99‚Ç¨",
1282590,Train Sim World¬Æ 2,"20 Aug, 2020","17,99‚Ç¨",
530070,Train Sim World¬Æ 2020,"15 Aug, 2019","29,99‚Ç¨",
1944790,Train Sim World¬Æ 3,"6 Sep, 2022","35,99‚Ç¨",
1281080,Train Station Renovation - First Job,"21 Apr, 2020",Free,
2593980,Trainfort,To be announced,,
1904160,Trainz Plus,"30 May, 2022","6,59‚Ç¨",
553520,Trainz Railroad Simulator 2019,"8 Jan, 2019","19,50‚Ç¨",
1784570,Trainz Railroad Simulator 2022,"31 May, 2022","38,99‚Ç¨",
315660,Trainz: A New Era,"15 May, 2015","19,50‚Ç¨",
2546690,Tram Simulator Urban Transit,"5 Dec, 2023","19,99‚Ç¨",
1314140,TramSim Vienna - The Tram Simulator,"29 Oct, 2020","34,95‚Ç¨",
350110,TransOcean 2: Rivals,"10 May, 2016","19,99‚Ç¨",
446800,Transport Fever,"8 Nov, 2016","29,99‚Ç¨",
1671310,Trash is Fun,"5 Jul, 2022","5,89‚Ç¨",
748300,Treasure Hunter Simulator,"6 Dec, 2018","13,99‚Ç¨",
3054710,Tree Simulator 2.0,Q4 2025,,
1366040,Trench Simulator,Coming soon,,
1919030,Trench Warfare,Coming soon,,
220160,Trials Evolution: Gold Edition,"21 Mar, 2013","19,99‚Ç¨",
245490,Trials Fusion‚Ñ¢,"24 Apr, 2014","19,99‚Ç¨",
877850,Tribe XR | DJ Academy,"25 Mar, 2019",Free,
1344070,Trollhunters: Defenders of Arcadia,"25 Sep, 2020","12,49‚Ç¨",
645260,Trophy Fishing 2,"13 Jul, 2017",Free,
23490,Tropico 3,"13 Nov, 2009","9,99‚Ç¨",
"23490,57600",Tropico 3: Gold Edition,"28 Sep, 2010","14,99‚Ç¨",
245620,Tropico 5,"23 May, 2014","19,99‚Ç¨",
492720,Tropico 6,"29 Mar, 2019","39,99‚Ç¨",
2743520,TRS22 Model Railroaders Edition,"22 Jan, 2025","38,99‚Ç¨",
873840,Truck & Logistics Simulator,"30 Nov, 2023","19,95‚Ç¨",
2203410,Truck Simulator: WORLD,Coming soon,,
1327040,Truck World: Australia,Coming soon,,
302060,Trucks & Trailers,"4 Jun, 2014","4,99‚Ç¨",
3621700,Try To Drive,"12 Jun, 2025",,
626610,TT Isle of Man: Ride on the Edge,"27 Mar, 2018","19,99‚Ç¨",
1082180,TT Isle of Man: Ride on the Edge 2,"19 Mar, 2020","29,99‚Ç¨",
1924170,TT Isle Of Man: Ride on the Edge 3,"11 May, 2023","49,99‚Ç¨",
361280,Turmoil,"2 Jun, 2016","12,99‚Ç¨",
3049020,Turnout,2025,,
1276130,Twilight Struggle: Red Sea,"24 May, 2023","12,79‚Ç¨",
535930,Two Point Hospital,"30 Aug, 2018","29,99‚Ç¨",
1455390,UBOAT: The Silent Wolf VR,"19 Jun, 2024","16,79‚Ç¨",
3023930,UFL‚Ñ¢,To be announced,,
2850430,Ulia Chronicles,"23 Oct, 2024","14,99‚Ç¨",
3551180,Ultima Chess VR,September 2025,,
1136380,Ultimate Fishing Simulator 2,"9 May, 2025","19,99‚Ç¨",
468920,Ultimate Fishing¬Æ Simulator,"30 Aug, 2018","19,99‚Ç¨",
502520,Ultimate General: Civil War,"14 Jul, 2017","28,99‚Ç¨",
1435750,Ultimate Godspeed,"27 May, 2024","7,67‚Ç¨",
1376880,Ultimate Hunting¬Æ,Coming soon,,
1485140,Ultrawings 2,"27 Oct, 2022","19,50‚Ç¨",
3359410,Under Destruction,2025,,
1452250,Underground Garage,"7 Nov, 2024","17,88‚Ç¨",
1969050,UnderWay: Graffiti Game,Coming soon,,
3391000,UNDISCLOSED,To be announced,,
1451190,Undisputed,"8 Oct, 2024","49,99‚Ç¨",
3638420,Universal Gravitation,Q4 2025,,
604230,Unlasting Horror,"5 Feb, 2021","11,79‚Ç¨",
2976900,Unpossess: Exorcism Simulator,"21 Mar, 2025","13,79‚Ç¨",
2426590,Unsheltered,To be announced,,
801010,Unsolved Stories,"14 Mar, 2018","13,29‚Ç¨",
837470,Untitled Goose Game,"23 Sep, 2020","18,99‚Ç¨",
1384660,Up to Par,"14 Oct, 2024","19,50‚Ç¨",
719730,Uptasia,"10 Jan, 2018",Free,
668430,V-Racer Hoverbike,"13 Apr, 2018","19,99‚Ç¨",
1931950,Vade Retro : Exorcist,"28 Oct, 2022","5,69‚Ç¨",
2191500,Vampires: Bloodlord Rising,2025,,
2678820,Vector Strike,"4 Mar, 2025",Free,
3601450,Vegas Craps by Pokerist,Coming soon,Free,
242860,Verdun,"28 Apr, 2015","19,99‚Ç¨",
529340,Victoria 3,"25 Oct, 2022","49,99‚Ç¨",
42960,Victoria II,"31 Aug, 2010","19,99‚Ç¨",
1856980,VirtualSociety,To be announced,,
594330,Visage,"30 Oct, 2020","29,99‚Ç¨",
1976830,Vivaland,2025,,
2468550,Vivid World,2025,,
1159690,Voidtrain,"9 May, 2023","29,99‚Ç¨",
951440,Volcanoids,"29 Jan, 2019","16,79‚Ç¨",
438100,VRChat,"1 Feb, 2017",Free,
3145740,VRider SBK‚Ñ¢,Coming soon,,
1910150,Walk of Life,Q3 2025,,
2430380,War Gun: Shooting Games Online,"20 Jun, 2023",Free,
398840,War of Beach,"16 Oct, 2015",Free,
236390,War Thunder,"15 Aug, 2013",Free,
1173340,War Trains,"22 Oct, 2019","2,45‚Ç¨",
2886930,Warehouse Inc.,"30 Apr, 2024","1,99‚Ç¨",
3396160,Warfactory,Q4 2025,,
2836510,Warfare Ultimatum,2025,,
222750,Wargame: Airland Battle,"29 May, 2013","19,99‚Ç¨",
58610,Wargame: European Escalation,"23 Feb, 2012","9,99‚Ç¨",
251060,Wargame: Red Dragon,"17 Apr, 2014","29,99‚Ç¨",
697630,WARMA,"19 Jun, 2018","7,33‚Ç¨",
1201700,Warnament,Coming soon,,
1611600,WARNO,"23 May, 2024","39,99‚Ç¨",
600150,Warpaint,"17 Mar, 2017","3,99‚Ç¨",
2583320,Warplanes: Air Corp,"4 Dec, 2023","18,99‚Ç¨",
1930920,Warplanes: Battles over Pacific,"26 Jan, 2023","14,99‚Ç¨",
936780,Warplanes: WW2 Dogfight,"6 Apr, 2019",Free,
1451410,Watch Your Ride - Bicycle Game,"26 Aug, 2021","6,99‚Ç¨",
243470,Watch_Dogs‚Ñ¢,"26 May, 2014","19,99‚Ç¨",
2658820,Watermelon Game,"7 Nov, 2023",Free,
767420,Wauies - The Pet Shop Game,"10 Jan, 2018",Free,
3656190,Way of the Dragons,Coming soon,,
1288320,Way of the Hunter,"16 Aug, 2022","29,99‚Ç¨",
1196470,WE ARE FOOTBALL,"10 Jun, 2021","24,99‚Ç¨",
1951410,WE ARE FOOTBALL 2024,"4 Mar, 2024","39,99‚Ç¨",
2485560,Wedge Lock Scaffolding VR Training,"5 Jun, 2024","189,99‚Ç¨",
3432610,Weeb Store Simulator,Q3 2025,,
488950,Werewolves Within‚Ñ¢,"6 Dec, 2016","19,99‚Ç¨",
2730970,Westland Survival,Coming soon,Free,
1182020,WGT Golf,"13 Apr, 2020",Free,
638000,When Ski Lifts Go Wrong,"23 Jan, 2019","14,99‚Ç¨",
2318660,Which Way Up: Galaxy Games,"27 Mar, 2025","14,79‚Ç¨",
1008510,Who Is This Man,"28 Jun, 2019","9,75‚Ç¨",
427730,Who's Your Daddy?!,"13 May, 2016","6,89‚Ç¨",
3390420,Wholesaler Simulator,Coming soon,,
1599330,Wildmender,"28 Sep, 2023","14,99‚Ç¨",
308080,Wing Breakers,"11 Mar, 2022","22,99‚Ç¨",
45300,Wings of Prey,"8 Jan, 2010","9,75‚Ç¨",
1089790,Winter Resort Simulator,"12 Dec, 2019","19,95‚Ç¨",
1420770,Winter Resort Simulator 2,"26 Nov, 2020","24,95‚Ç¨",
2175210,Winter Survival: Prologue,"15 Feb, 2023",Free,
1846700,Witchbrook,Coming soon,,
3037970,Witchcraft Tales,To be announced,,
1080010,Witchtastic,"26 Oct, 2021","8,43‚Ç¨",
1211020,Wobbly Life,"9 Jul, 2020","17,99‚Ç¨",
1960300,World At War 85 Digital: Core Game,Coming soon,,
1613220,World CHAMPIONS: Decathlon,"30 Aug, 2021","6,89‚Ç¨",
1873540,World Empire 2027,"24 Mar, 2022","12,49‚Ç¨",
2119440,World Mahjong,"30 Sep, 2022",Free,
1041520,World of Aircraft: Glider Simulator,"26 May, 2021","15,95‚Ç¨",
3028610,World of PaintBall,"28 Sep, 2024","0,99‚Ç¨",
1407200,World of Tanks,"29 Apr, 2021",Free,
796290,World of Tennis: Roaring ‚Äô20s,"13 Jan, 2020",Free,
552990,World of Warships,"15 Nov, 2017",Free,
2964090,World of Warships: Legends,Coming soon,Free,
1301010,World Racing 2 - Champion Edition,"8 Dec, 2022","9,99‚Ç¨",
1304490,Worlds Builder,Coming soon,Free,
2156390,WorldShards,2025,Free,
1069480,Worldwide Sports Fishing,"6 May, 2019","9,99‚Ç¨",
466910,Worm.is: The Game,"4 May, 2016",Free,
3533100,Wrap House SimulatorüåØ,"29 May, 2025",,
3582450,Wrap House SimulatorüåØ Prologue,"15 Apr, 2025",Free,
256330,WRC 4 FIA World Rally Championship,"25 Oct, 2013","9,99‚Ç¨",
354160,WRC 5 FIA World Rally Championship,"8 Oct, 2015","9,99‚Ç¨",
458770,WRC 6 FIA World Rally Championship,"7 Oct, 2016","14,99‚Ç¨",
621830,WRC 7 FIA World Rally Championship,"15 Sep, 2017","19,99‚Ç¨",
1953520,WRC Generations ‚Äì The FIA WRC Official Game,"3 Nov, 2022","39,99‚Ç¨",
1553810,Wrecked! Unfair Car Stunts,"28 Feb, 2022","5,99‚Ç¨",
228380,Wreckfest,"14 Jun, 2018","29,99‚Ç¨",
2820450,WuKong Up,Coming soon,,
2315690,WWE 2K24,"8 Mar, 2024","59,99‚Ç¨",
2878960,WWE 2K25,"14 Mar, 2025","59,99‚Ç¨",
251950,WWII Online,"5 Sep, 2017",Free,
659840,WWR: Warfare Robots,"12 Mar, 2021",Free,
292180,X-Plane 10 Global - 64 Bit,"14 Jul, 2014",,
269950,X-Plane 11,"30 Mar, 2017","24,99‚Ç¨",
899390,Xenon Racer,"26 Mar, 2019","14,79‚Ç¨",
2435010,XR22-SEAGUARD,"17 Oct, 2023","3,99‚Ç¨",
378360,Ymir,"16 Mar, 2019","29,99‚Ç¨",
1725680,YouRiding - Surfing and Bodyboarding Game,"15 Sep, 2022","9,99‚Ç¨",
3487060,Youtubers Life 3 - Stream Together!,"22 May, 2025","19,99‚Ç¨",
601510,Yu-Gi-Oh! Duel Links,"17 Nov, 2017",Free,
3013550,Yu-Gi-Oh! EARLY DAYS COLLECTION,"27 Feb, 2025","59,99‚Ç¨",
480650,Yu-Gi-Oh! Legacy of the Duelist,"7 Dec, 2016","19,99‚Ç¨",
1150640,Yu-Gi-Oh! Legacy of the Duelist : Link Evolution,"24 Mar, 2020","39,99‚Ç¨",
1449850,Yu-Gi-Oh! Master Duel,"19 Jan, 2022",Free,
3151830,Yugo: the non-game,"15 Oct, 2024","4,80‚Ç¨",
1481170,ZEPHON,"8 Nov, 2024","39,99‚Ç¨",
1359090,Zero Hour,"9 Sep, 2024","9,75‚Ç¨",
3440430,ZeroFactory,Q2 2025,,
613880,Zoo Tycoon: Ultimate Animal Collection,"14 Sep, 2018","16,79‚Ç¨",
3635220,Zynga Poker ‚Ñ¢ ‚Äì Texas Holdem,Coming soon,Free,
689520,‚òÖ Fallalypse ‚òÖ,"12 Sep, 2017","1,47‚Ç¨",
1721720,ÊàòÂú∞ÊåáÊå•ÂÆò/Battleboom,"20 Oct, 2021","3,99‚Ç¨",
2676820,Êó†ÁïèËà∞ÈòüÔºöÁÇÆÁÅ´Êàò‰∫âÔºàNoah City:Rise of the conquerorÔºâ,"24 Jan, 2024",Free,
